date,actual,predicted
2013-01-04,206.94,206.94
2013-01-07,204.29,206.94
2013-01-08,210.84,206.93999999998087
2013-01-09,216.45,206.94000000002808
2013-01-10,214.5,206.94000000006622
2013-01-11,211.26,206.9400000000521
2013-01-14,209.42,206.94000000002973
2013-01-15,210.85,206.94000000001714
2013-01-16,206.0,206.94000000002748
2013-01-17,205.13,206.93999999999275
2013-01-18,203.76,206.9399999999871
2013-01-21,197.31,206.93999999997706
2013-01-22,198.83,206.93999999993906
2013-01-23,198.98,204.30390737326
2013-01-24,195.96,210.87949306099375
2013-01-25,189.05,216.3998725879499
2013-01-28,178.5,214.3344901477685
2013-01-29,178.16,211.00946316286968
2013-01-30,180.12,209.19868226584174
2013-01-31,178.9,210.66323996513498
2013-02-01,178.98,205.79175378717017
2013-02-04,175.13,204.9664489589468
2013-02-05,184.43,203.5648527068486
2013-02-06,183.93,197.21800729899007
2013-02-07,185.17,198.04313375916854
2013-02-08,187.86,196.900685671406
2013-02-19,177.92,198.36510710037453
2013-02-20,177.9,197.06668478520268
2013-02-21,180.02,190.45995378242043
2013-02-22,185.59,188.96112439749328
2013-02-25,181.09,189.30323711571597
2013-02-26,177.37,189.20914675333026
2013-02-27,176.77,187.1147679734652
2013-02-28,175.0,184.65109234408806
2013-03-01,173.82,189.07436166741743
2013-03-04,174.72,185.8568660971033
2013-03-05,175.0,186.79171361349495
2013-03-06,177.22,187.02632575035955
2013-03-07,183.86,184.39495543633453
2013-03-08,184.13,183.97657400127136
2013-03-11,185.2,180.959211010886
2013-03-12,182.18,181.9985961342218
2013-03-13,183.83,180.45114674069205
2013-03-14,178.94,179.14031199686386
2013-03-15,176.97,177.56659816911895
2013-03-18,169.45,175.4776874041556
2013-03-19,165.18,177.4611479943396
2013-03-20,169.91,175.73984424414212
2013-03-21,166.78,176.4738860470218
2013-03-22,169.05,177.14310229121628
2013-03-25,169.03,177.46946332088444
2013-03-26,169.88,177.17631397621872
2013-03-27,166.79,175.1932428064608
2013-03-28,166.82,174.89127666126228
2013-03-29,168.86,174.4065999396732
2013-04-01,164.95,172.26784161128072
2013-04-02,163.71,170.61570373622143
2013-04-03,163.85,167.09901361571866
2013-04-08,164.32,167.41859185867867
2013-04-09,163.6,167.53701069826437
2013-04-10,169.96,167.30393138529982
2013-04-11,168.92,168.35364715985665
2013-04-12,172.23,168.32774854189918
2013-04-15,172.74,168.32559058931182
2013-04-16,173.16,166.05056815902051
2013-04-17,178.49,165.964732011365
2013-04-18,179.15,166.05457916079547
2013-04-19,179.23,163.66926152929025
2013-04-22,173.71,162.2228514474988
2013-04-23,171.81,159.796119575039
2013-04-24,174.87,160.288523316036
2013-04-25,176.7,160.0580211677393
2013-04-26,173.99,161.2516821443936
2013-05-02,171.11,161.72988810189494
2013-05-03,172.45,162.33609502415527
2013-05-06,177.8,162.38297045116465
2013-05-07,187.69,160.77983115189073
2013-05-08,188.89,161.77321085985582
2013-05-09,197.18,161.85393417230713
2013-05-10,197.11,160.12507023241048
2013-05-13,197.68,157.97781968893713
2013-05-14,191.19,155.69645239234958
2013-05-15,194.66,156.60847323590568
2013-05-16,194.85,156.77889798988392
2013-05-17,195.91,157.09994569816993
2013-05-20,195.0,157.0975787149868
2013-05-21,195.02,157.72295458420672
2013-05-22,199.47,158.60210682719818
2013-05-23,202.44,158.76680712387008
2013-05-24,200.93,159.54722118755998
2013-05-27,201.63,160.8129212281118
2013-05-28,202.14,159.26631702223608
2013-05-29,201.49,157.7076182087852
2013-05-30,200.25,154.87331671034588
2013-05-31,197.1,156.08917569905816
2013-06-03,202.08,156.15178206973744
2013-06-04,201.7,156.69746661499687
2013-06-05,201.17,156.6654771348233
2013-06-06,201.66,157.16973066982624
2013-06-07,196.26,158.33370398367774
2013-06-13,194.71,158.45810164392927
2013-06-14,194.02,158.88016511019637
2013-06-17,189.48,159.8170156801091
2013-06-18,191.65,158.50033110677703
2013-06-19,194.83,157.05390714212777
2013-06-20,191.74,154.64869914104514
2013-06-21,191.17,155.1887310310766
2013-06-24,185.62,155.88739901762835
2013-06-25,189.84,156.21898616373832
2013-06-26,188.72,156.19371814016858
2013-06-27,189.58,156.69138027667324
2013-06-28,192.37,156.95513178575303
2013-07-01,194.29,156.85131823125266
2013-07-02,197.95,157.20987337467773
2013-07-03,197.97,157.4883646077795
2013-07-04,196.62,156.61656106552968
2013-07-05,197.12,155.71732034957392
2013-07-08,195.16,153.2460682024103
2013-07-09,192.05,153.75716303020616
2013-07-10,193.84,153.53184843954725
2013-07-11,195.97,154.37041062663883
2013-07-12,188.81,154.21921222360865
2013-07-15,187.95,154.70183776978322
2013-07-16,190.95,155.39915560859959
2013-07-17,186.92,155.56637872678343
2013-07-18,185.07,156.2648988377118
2013-07-19,176.01,156.61934402025676
2013-07-22,174.88,155.5535273866969
2013-07-23,179.59,154.70827487214828
2013-07-24,174.62,152.41206564937923
2013-07-25,178.74,152.5238657595032
2013-07-26,174.97,152.74495950945945
2013-07-29,171.32,153.54200811114458
2013-07-30,168.43,152.66492840298176
2013-07-31,168.5,153.01293482568224
2013-08-01,171.89,153.87377697784677
2013-08-02,176.03,153.54854843326328
2013-08-05,175.5,153.93086357938054
2013-08-06,175.23,153.26337486400203
2013-08-07,176.38,152.2961764489765
2013-08-08,175.16,152.0634492497163
2013-08-09,172.83,149.47914806633253
2013-08-12,178.31,150.14322747069815
2013-08-13,179.95,149.8837243152594
2013-08-14,178.69,150.1949996073658
2013-08-15,177.46,149.33277637004414
2013-08-16,174.4,149.6906821336336
2013-08-19,175.17,150.710601570511
2013-08-20,173.61,150.9568390109254
2013-08-21,174.69,151.25838356246237
2013-08-22,175.08,150.93303766569701
2013-08-23,172.99,150.21771373707352
2013-08-26,173.94,149.70232244953107
2013-08-27,173.15,147.30558631968512
2013-08-28,169.9,148.34398134901554
2013-08-29,168.48,148.32844125629757
2013-08-30,168.78,148.5905937391812
2013-09-02,151.92,147.79350157909047
2013-09-03,151.66,147.69258228219744
2013-09-04,152.1,148.60809901619572
2013-09-05,150.27,148.54132202392375
2013-09-06,150.28,148.93629601433258
2013-09-09,150.95,148.67885223513215
2013-09-10,151.62,147.78947556490058
2013-09-11,152.57,147.4756760235044
2013-09-12,151.73,145.29245964372942
2013-09-13,152.02,145.74294780617424
2013-09-16,149.65,145.56645782138503
2013-09-17,141.3,145.86399828699987
2013-09-18,141.9,143.43596316506728
2013-09-23,140.81,143.56028409430607
2013-09-24,136.8,144.3957073095461
2013-09-25,135.16,144.1535507958533
2013-09-26,135.42,144.4774460876189
2013-09-27,134.06,144.30600646043976
2013-09-30,135.94,143.6212565433651
2013-10-09,136.99,143.41761468950523
2013-10-10,137.04,141.38501398945235
2013-10-11,137.52,141.9327332715167
2013-10-14,139.65,141.57611218056795
2013-10-15,144.25,141.0245097381175
2013-10-16,144.24,139.56996296781583
2013-10-17,144.19,139.56564629231227
2013-10-18,142.98,139.89359674939348
2013-10-21,145.09,139.5896492227082
2013-10-22,143.42,139.94273039537933
2013-10-23,143.69,139.5982563718551
2013-10-24,143.71,139.17498346608295
2013-10-25,136.73,139.0515679212514
2013-10-28,133.97,137.1755656131116
2013-10-29,132.8,137.68824701697068
2013-10-30,132.59,137.65536714550748
2013-10-31,135.11,137.88335206640753
2013-11-01,135.18,136.50599336971393
2013-11-04,136.34,136.5392344366037
2013-11-05,138.11,136.8865253784202
2013-11-06,139.65,136.89749265110171
2013-11-07,138.97,137.04590534050482
2013-11-08,136.14,136.81749631613212
2013-11-11,139.55,136.32927905154213
2013-11-12,144.84,135.52537683969518
2013-11-13,144.72,133.63850528909458
2013-11-14,144.07,133.99176293808532
2013-11-15,143.44,133.86618263835032
2013-11-18,143.49,134.15005538531034
2013-11-19,142.82,132.87407080324982
2013-11-20,142.06,133.01100009658836
2013-11-21,138.66,133.52313474493624
2013-11-22,138.47,133.5571560115228
2013-11-25,140.93,133.67625548074625
2013-11-26,139.98,133.21718982368407
2013-11-27,139.95,133.1047772584711
2013-11-28,141.83,133.0684977235164
2013-11-29,141.44,131.38529898662972
2013-12-02,136.78,131.69683658010294
2013-12-03,137.58,131.49871539677238
2013-12-04,138.48,131.68392090353572
2013-12-05,136.99,130.44813232940675
2013-12-06,138.75,130.45976265927993
2013-12-09,137.94,130.59384607206505
2013-12-10,136.95,130.57509315710942
2013-12-11,136.39,130.91900205896286
2013-12-12,136.4,130.4888037700017
2013-12-13,136.4,130.26606044958558
2013-12-16,132.97,130.21025250500256
2013-12-17,133.21,128.58142657719517
2013-12-18,132.49,128.49360030959386
2013-12-19,131.15,128.43596671717614
2013-12-20,126.65,128.66235272523102
2013-12-23,126.51,127.3689460699152
2013-12-24,126.61,127.56638303703947
2013-12-25,126.26,127.72698267649352
2013-12-26,124.74,127.63579494033064
2013-12-27,126.2,127.81457591006664
2013-12-30,124.46,127.46948357527111
2013-12-31,128.38,127.24778774736107
2014-01-02,125.98,126.87203361665365
2014-01-03,123.98,125.40964373500535
2014-01-06,120.73,125.408113622609
2014-01-07,120.56,125.18682775945007
2014-01-08,119.4,124.9899790211617
2014-01-09,119.34,123.86448396148677
2014-01-10,119.27,123.99409992260375
2014-01-13,119.89,124.13903767054728
2014-01-14,121.31,123.96517003648103
2014-01-15,118.76,124.30372833041784
2014-01-16,121.99,123.7950143151052
2014-01-17,120.3,123.97584434653258
2014-01-20,126.79,123.49126712972274
2014-01-21,126.99,122.03580753495712
2014-01-22,134.17,121.79139520704354
2014-01-23,134.09,121.70810962836798
2014-01-24,135.5,121.58625556239583
2014-01-27,140.75,120.56364497976334
2014-01-28,139.22,120.71472485170301
2014-01-29,137.01,120.90375989233114
2014-01-30,132.2,120.89838220785953
2014-02-10,132.86,120.8861325980429
2014-02-11,134.04,120.7883423335433
2014-02-12,134.15,120.64552980948054
2014-02-13,135.67,120.8465661499877
2014-02-14,142.9,119.53217393364238
2014-02-17,149.98,120.04641600200439
2014-02-18,147.01,119.95668868567351
2014-02-19,149.53,119.97148543100141
2014-02-20,148.99,119.39684718390546
2014-02-21,149.08,119.38703258567298
2014-02-24,147.62,119.39526179434405
2014-02-25,142.37,118.98608868921524
2014-02-26,142.03,119.12286651545837
2014-02-27,144.95,118.98729534187699
2014-02-28,150.02,118.93811143635814
2014-03-03,154.93,119.03347528192741
2014-03-04,153.4,118.32660327319131
2014-03-05,159.84,118.97494571082595
2014-03-06,162.0,118.6880235825638
2014-03-07,165.49,118.85562954576253
2014-03-10,156.94,118.1063180468686
2014-03-11,162.18,118.1023456094161
2014-03-12,158.53,118.12236948291755
2014-03-13,164.87,117.53346923890386
2014-03-14,163.87,117.69628667396483
2014-03-17,166.47,117.7184462673329
2014-03-18,171.32,117.99472861795
2014-03-19,174.37,118.3385086858831
2014-03-20,169.18,117.32008527950705
2014-03-21,171.4,118.09433799008272
2014-03-24,171.29,118.01360351483181
2014-03-25,166.81,118.28244071883101
2014-03-26,158.49,117.03617585860445
2014-03-27,157.66,117.34314905776539
2014-03-28,152.64,117.15182938497145
2014-03-31,154.7,117.11345853653748
2014-04-01,162.49,117.19297775638886
2014-04-02,165.64,117.32849256860848
2014-04-03,165.31,117.70950227177923
2014-04-04,164.06,118.0266610319619
2014-04-08,164.54,116.789992894342
2014-04-09,163.35,117.50130166190844
2014-04-10,169.51,117.33670735358486
2014-04-11,176.08,117.29317492117573
2014-04-14,174.36,115.94502702256938
2014-04-15,174.49,116.0830454161922
2014-04-16,171.02,115.71548208807508
2014-04-17,175.2,115.63892910983772
2014-04-18,175.31,116.19996465162933
2014-04-21,172.05,116.38109023110995
2014-04-22,172.13,116.55870263803885
2014-04-23,176.06,116.71615656088332
2014-04-24,175.76,115.73461072536311
2014-04-25,164.69,116.27970108282425
2014-04-28,162.79,116.40502023896161
2014-04-29,163.59,116.77307058336712
2014-04-30,163.88,115.58729820814946
2014-05-05,160.25,115.7608359560753
2014-05-06,160.79,115.34959440897951
2014-05-07,160.66,115.45508705510521
2014-05-08,160.67,115.75342228810077
2014-05-09,160.62,115.67624149286554
2014-05-12,160.91,115.87945129432163
2014-05-13,160.74,116.26626583281883
2014-05-14,155.27,115.27243922373385
2014-05-15,156.15,115.2160225378167
2014-05-16,155.16,115.1438586798465
2014-05-19,147.98,115.37347181254424
2014-05-20,144.98,114.2516370166643
2014-05-21,151.0,114.19863447141756
2014-05-22,150.05,113.99013618569539
2014-05-23,152.3,113.96513464170236
2014-05-26,153.57,114.26370471733166
2014-05-27,153.2,114.27809361111429
2014-05-28,153.94,114.48188491882367
2014-05-29,154.29,114.7440713586394
2014-05-30,153.22,113.51400291918927
2014-06-03,152.77,113.82257716024885
2014-06-04,151.15,113.73797915619119
2014-06-05,154.77,113.53129040155234
2014-06-06,153.59,112.3611205972589
2014-06-09,153.23,112.75916917309756
2014-06-10,154.8,112.44771448209345
2014-06-11,153.94,112.56969828839087
2014-06-12,152.63,112.90175472127123
2014-06-13,152.81,112.8799987205713
2014-06-16,154.42,113.11080732350871
2014-06-17,153.19,113.38977805502864
2014-06-18,153.58,112.29852385940023
2014-06-19,152.73,112.55255043708681
2014-06-20,153.18,112.4079567856484
2014-06-23,156.31,112.62360829497776
2014-06-24,163.57,111.52176676845285
2014-06-25,142.23,111.76127317267355
2014-06-26,141.64,111.43747227726311
2014-06-27,140.38,111.43382510611366
2014-06-30,141.98,111.64359410635291
2014-07-01,141.77,111.66318144688887
2014-07-02,142.08,111.94511300952438
2014-07-03,143.26,112.12805248186085
2014-07-04,143.32,111.15298314254147
2014-07-07,144.16,111.36035021803906
2014-07-08,142.18,111.30315411855311
2014-07-09,141.24,111.55256636649105
2014-07-10,141.04,110.86505832080395
2014-07-11,141.87,109.94847074151996
2014-07-14,149.77,109.71290691408396
2014-07-15,153.81,109.71592175032725
2014-07-16,154.57,110.07465761202921
2014-07-17,153.75,110.06873316590563
2014-07-18,160.98,110.30672362084273
2014-07-21,160.98,110.62400119848208
2014-07-22,163.2,109.67668491989204
2014-07-23,163.89,109.9573712431553
2014-07-24,163.53,109.77889454283795
2014-07-25,163.88,109.89178966807334
2014-07-28,164.25,109.04382601898284
2014-07-29,161.06,108.80502983667293
2014-07-30,158.51,108.98371497846712
2014-07-31,160.27,109.16025970118774
2014-08-01,162.98,109.4814711544714
2014-08-04,164.4,109.45294247759634
2014-08-05,166.25,110.0433287774409
2014-08-06,163.32,110.27847266324346
2014-08-07,160.6,109.45270221636181
2014-08-08,162.14,109.70208924150378
2014-08-11,163.07,109.5770689139119
2014-08-12,162.04,109.73770565863686
2014-08-13,162.49,108.93166581627467
2014-08-14,161.46,108.52806118030449
2014-08-15,161.54,108.36723953936796
2014-08-18,159.75,108.52777081623852
2014-08-19,158.68,108.92245868573409
2014-08-20,162.0,108.96059802610044
2014-08-21,159.97,109.4334979043222
2014-08-22,159.27,109.5019719368012
2014-08-25,158.75,108.53721884762082
2014-08-26,157.72,108.84534616783968
2014-08-27,156.37,108.76170854467779
2014-08-28,156.02,108.84619806706937
2014-08-29,158.23,108.08670357375357
2014-09-01,158.45,107.74318192831274
2014-09-02,162.56,107.66476376276215
2014-09-03,164.82,107.7142238519111
2014-09-04,165.06,107.99848062238831
2014-09-05,167.51,108.16112778002966
2014-09-09,164.08,108.46895932457181
2014-09-10,163.91,108.56957974586604
2014-09-11,161.98,107.69017026119296
2014-09-12,162.45,107.8898354881807
2014-09-15,159.41,107.73180297426435
2014-09-16,157.46,107.81334274541074
2014-09-17,158.23,107.16456170413917
2014-09-18,159.25,106.86134447288342
2014-09-19,160.85,106.9744461154823
2014-09-22,156.94,107.15261115849685
2014-09-23,157.48,107.42835148551382
2014-09-24,160.19,107.60988641966797
2014-09-25,162.19,107.81028689489781
2014-09-26,162.31,107.94989776449995
2014-09-29,162.47,107.02920012934274
2014-09-30,162.13,107.28227415689784
2014-10-09,160.01,107.02238408433954
2014-10-10,159.02,107.02787186809628
2014-10-13,156.1,106.38537111761843
2014-10-14,154.91,106.11115210896627
2014-10-15,157.32,106.17393894812753
2014-10-16,157.32,106.11991759642079
2014-10-17,158.38,106.42820900173115
2014-10-20,156.92,106.66686766541049
2014-10-21,158.46,107.00886247777598
2014-10-22,159.08,107.1500137774965
2014-10-23,159.05,106.32064821246651
2014-10-24,158.88,106.53633529020694
2014-10-27,157.5,106.27024909062588
2014-10-28,158.74,106.28611156213995
2014-10-29,158.3,105.5290173897789
2014-10-30,155.42,105.20035719225298
2014-10-31,156.68,105.31821978903899
2014-11-03,155.58,105.35905902018513
2014-11-04,151.39,105.68238097842719
2014-11-05,146.15,105.7464296272139
2014-11-06,147.15,106.07142692650609
2014-11-07,148.04,106.22985024117395
2014-11-10,153.77,105.42700071668717
2014-11-11,153.35,105.67171575883764
2014-11-12,152.89,105.40499598809625
2014-11-13,151.58,105.50497317223093
2014-11-14,157.29,104.81345938784206
2014-11-17,160.05,104.4375907675517
2014-11-18,155.65,104.5772189980205
2014-11-19,153.07,104.53440577019197
2014-11-20,150.68,104.6241684184039
2014-11-21,153.13,104.49377654173952
2014-11-24,153.95,104.86204760277566
2014-11-25,154.64,105.03758215889131
2014-11-26,155.95,104.52434276471335
2014-11-27,156.68,104.71714190550831
2014-11-28,155.84,104.48217991202205
2014-12-01,160.06,104.48617646404817
2014-12-02,161.14,104.11298641672805
2014-12-03,164.83,103.90978178110606
2014-12-04,174.13,103.82922683299118
2014-12-05,170.92,103.78085971542295
2014-12-08,172.97,103.8672882761636
2014-12-09,172.86,104.01591188454293
2014-12-10,179.92,104.36353996737306
2014-12-11,175.89,104.57240441340281
2014-12-12,176.59,103.95389622733998
2014-12-15,184.04,104.18071347975172
2014-12-16,180.63,103.96248282658827
2014-12-17,179.07,104.16616397165649
2014-12-18,179.34,103.66731706846028
2014-12-19,180.82,103.54845728056192
2014-12-22,184.1,103.93343002965032
2014-12-23,188.86,103.79247565614912
2014-12-24,183.06,104.0609816918714
2014-12-25,185.83,104.09520080830833
2014-12-26,187.57,104.69754190492758
2014-12-29,183.48,104.7010436043636
2014-12-30,186.84,104.09270732802953
2014-12-31,189.62,104.58545127353896
2015-01-05,202.52,104.24214779027687
2015-01-06,197.83,104.35578408418414
2015-01-07,192.94,103.83712328012902
2015-01-08,191.76,103.66100307169185
2015-01-09,190.31,103.92375167088476
2015-01-12,186.43,104.00733533284104
2015-01-13,184.88,103.97190348355292
2015-01-14,183.18,104.13089196031525
2015-01-15,186.07,104.59531098164406
2015-01-16,186.11,104.55100843035211
2015-01-19,175.48,104.08309034513887
2015-01-20,178.08,104.42288857872329
2015-01-21,182.36,104.60304133666646
2015-01-22,181.23,104.55274736156521
2015-01-23,181.02,103.89349922136951
2015-01-26,182.8,103.67118173836265
2015-01-27,180.11,103.82060860949285
2015-01-28,177.47,103.65941179535676
2015-01-29,176.15,103.70210162965697
2015-01-30,177.18,103.73626329434781
2015-02-02,174.82,104.26768958657719
2015-02-03,178.37,104.28697237715316
2015-02-04,177.25,103.3939504259926
2015-02-05,174.05,103.81089027224637
2015-02-06,174.6,103.84599102824954
2015-02-09,184.3,103.83399911952685
2015-02-10,182.88,103.34195131009297
2015-02-11,183.15,103.20506683018577
2015-02-12,183.57,103.27697754521795
2015-02-13,182.49,103.1233710677333
2015-02-16,183.31,103.15742137849992
2015-02-17,182.22,103.27554366189396
2015-02-26,186.64,103.63105881629184
2015-02-27,191.05,103.81470057770275
2015-03-02,190.73,103.14094933624754
2015-03-03,185.95,103.37315811979411
2015-03-04,187.19,103.3276308702085
2015-03-05,185.52,103.69073776212964
2015-03-06,183.62,103.10616309163137
2015-03-09,191.56,102.94288546861812
2015-03-10,187.83,103.12401229949491
2015-03-11,191.98,102.97350125486703
2015-03-12,192.75,103.09052333110074
2015-03-13,189.91,103.14307646224324
2015-03-16,193.76,103.68906642247156
2015-03-17,196.77,103.93340824154026
2015-03-18,199.45,103.281643207855
2015-03-19,195.28,103.43294600738172
2015-03-20,193.15,103.42216600448933
2015-03-23,195.08,103.48831356883818
2015-03-24,195.69,102.90376564415217
2015-03-25,192.78,103.01741677593519
2015-03-26,198.56,103.00700468067117
2015-03-27,194.55,103.06856422580033
2015-03-30,196.77,103.1496051044071
2015-03-31,195.96,103.13864553415294
2015-04-01,195.34,103.71399809073436
2015-04-02,194.58,103.93603622628792
2015-04-03,196.81,103.37456610331306
2015-04-07,200.67,103.4875756255011
2015-04-08,204.5,103.41815868266528
2015-04-09,200.0,103.60818960794296
2015-04-10,200.22,103.0655441359117
2015-04-13,203.9,102.91359784996293
2015-04-14,206.0,103.1988913479631
2015-04-15,205.7,103.02425396080577
2015-04-16,226.27,103.17807237076283
2015-04-17,232.56,103.27656274941384
2015-04-20,234.03,103.76624166182278
2015-04-21,257.43,103.90597331482353
2015-04-22,263.89,103.46640783886632
2015-04-23,256.04,103.79366999273518
2015-04-24,258.49,103.84130001085524
2015-04-27,255.79,103.84024772223987
2015-04-28,247.89,103.31479340877793
2015-04-29,249.78,103.30873430598552
2015-04-30,252.23,103.52499389248729
2015-05-04,254.97,103.42622943498193
2015-05-05,240.95,104.13954118939465
2015-05-06,242.68,104.2819819607124
2015-05-07,244.93,104.80211796396365
2015-05-08,254.17,105.56372379068412
2015-05-11,257.44,105.17993241489849
2015-05-12,254.42,105.22453098737434
2015-05-13,256.4,105.27487068476026
2015-05-14,251.41,105.29598587879627
2015-05-15,245.17,104.56468246634047
2015-05-18,241.14,104.54010748438425
2015-05-19,250.04,104.75187418634353
2015-05-20,253.95,104.75287333756002
2015-05-21,258.59,104.72187976473002
2015-05-22,275.86,104.8711136188471
2015-05-25,286.83,105.46814661840277
2015-05-26,285.54,106.09059713137607
2015-05-27,276.9,105.65560879586066
2015-05-28,261.11,105.7082869386561
2015-05-29,263.83,105.72446704897523
2015-06-01,271.46,105.66819153404485
2015-06-02,266.62,104.96469075585622
2015-06-03,262.79,104.81181881676439
2015-06-04,258.21,105.20923936152847
2015-06-05,253.84,105.21219400853221
2015-06-08,264.64,105.49508184065479
2015-06-09,259.03,106.03988631740339
2015-06-10,261.05,106.75608197896337
2015-06-11,260.06,107.16275638423186
2015-06-12,266.0,106.4884164963651
2015-06-15,260.89,106.26936569482199
2015-06-16,253.95,106.35642531170889
2015-06-17,255.09,106.52411182510937
2015-06-18,243.97,105.7961299479582
2015-06-19,235.31,105.59788094701567
2015-06-23,252.25,105.71283954461252
2015-06-24,261.21,105.6303683424362
2015-06-25,251.79,106.14308493520156
2015-06-26,242.45,106.20438736440084
2015-06-29,246.64,106.78520600414495
2015-06-30,257.65,107.18853304368938
2015-07-01,257.49,106.84075001606936
2015-07-02,260.3,106.7193669277078
2015-07-03,249.81,106.62059008830893
2015-07-06,254.04,106.68340845966293
2015-07-07,244.18,105.7785510890385
2015-07-08,236.86,105.4249481185662
2015-07-09,257.94,106.04587487989257
2015-07-10,265.59,106.26302263891785
2015-07-13,257.75,106.36063751268567
2015-07-14,249.05,106.28243664397765
2015-07-15,251.26,106.93094347833403
2015-07-16,251.59,107.60902712357856
2015-07-17,228.29,107.12800392450215
2015-07-20,225.11,107.06697792830893
2015-07-21,221.66,106.80088585790956
2015-07-22,217.13,106.97411571386016
2015-07-23,219.54,105.9858559172811
2015-07-24,219.21,105.64658879929596
2015-07-27,201.52,106.52558406411718
2015-07-28,205.83,106.61595321197942
2015-07-29,207.74,106.67362978178157
2015-07-30,205.96,106.57571684929033
2015-07-31,206.83,107.22093473421236
2015-08-03,209.56,107.70971076073954
2015-08-04,211.97,106.64824755347333
2015-08-05,207.19,106.56304307814779
2015-08-06,204.96,106.3659756086966
2015-08-07,206.93,106.34299004659051
2015-08-10,212.3,105.63710784769982
2015-08-11,210.75,105.43077257318244
2015-08-12,209.47,105.4217091213626
2015-08-13,209.51,105.59923350709082
2015-08-14,209.98,105.81215228013004
2015-08-17,206.22,105.79663886883587
2015-08-18,201.06,106.40480138811212
2015-08-19,201.62,106.92851380993248
2015-08-20,195.07,106.35272865171088
2015-08-21,186.33,106.14107821332458
2015-08-24,169.64,105.92514901567502
2015-08-25,176.59,105.96748615506348
2015-08-26,183.88,105.41732744506183
2015-08-27,197.07,105.1896440906858
2015-08-28,192.65,105.5566032509907
2015-08-31,195.37,105.6257678461964
2015-09-01,194.37,105.82498805634127
2015-09-02,194.61,105.7279203799463
2015-09-07,188.71,106.1708882870325
2015-09-08,189.32,106.642142900298
2015-09-09,191.86,105.8319546754969
2015-09-10,193.21,105.4849228505206
2015-09-11,192.91,104.80055921636162
2015-09-14,202.53,105.13144337369054
2015-09-15,202.0,104.7388947368256
2015-09-16,204.55,104.92014449348729
2015-09-17,198.0,105.11307846503709
2015-09-18,199.43,105.25701630496769
2015-09-21,199.3,105.40515155749439
2015-09-22,199.27,105.39559343933075
2015-09-23,194.72,105.74393932966451
2015-09-24,194.0,106.22024358151224
2015-09-25,193.46,105.63601991416242
2015-09-28,191.38,105.50768869165967
2015-09-29,190.17,105.18777418778511
2015-09-30,190.31,105.63508598397463
2015-10-09,196.95,105.02370719404833
2015-10-12,198.09,105.03391344692388
2015-10-13,198.74,105.11567754688072
2015-10-14,197.83,105.27715385857374
2015-10-15,199.99,105.42783140151491
2015-10-16,200.74,105.42345774326556
2015-10-19,202.72,105.75550350789783
2015-10-20,201.97,106.21823136861062
2015-10-21,200.31,105.57322468058395
2015-10-22,202.53,105.34965313053024
2015-10-23,210.98,105.02561202837514
2015-10-26,217.73,105.31491783652483
2015-10-27,215.25,104.95908448922302
2015-10-28,212.44,104.90793113169897
2015-10-29,213.0,105.12297019591131
2015-10-30,213.86,105.22366961967157
2015-11-02,212.56,105.44736879391627
2015-11-03,209.71,105.44946462775704
2015-11-04,214.98,105.91248176675424
2015-11-05,216.56,106.37384181176328
2015-11-06,218.42,105.711529833477
2015-11-09,220.83,105.61696701836718
2015-11-10,222.38,105.56576989861631
2015-11-11,220.15,106.00223909777573
2015-11-12,220.01,105.4040832981251
2015-11-13,215.11,105.2653152918903
2015-11-16,213.78,105.4711213699749
2015-11-17,214.36,105.60488504354747
2015-11-18,214.66,105.74365292819937
2015-11-19,215.03,105.65803730562448
2015-11-20,213.72,106.23639312279484
2015-11-23,212.62,106.71984382455629
2015-11-24,211.69,106.14040091480823
2015-11-25,212.98,106.05502154426635
2015-11-26,212.84,105.87520432743159
2015-11-27,207.74,106.11093852981638
2015-11-30,214.31,105.55370535740288
2015-12-01,213.8,105.36748698697677
2015-12-02,221.58,105.54105150551062
2015-12-03,220.2,105.71134181582796
2015-12-04,215.31,105.87153031569353
2015-12-07,214.51,105.83003534020808
2015-12-08,211.94,106.25629213806745
2015-12-09,214.47,106.66622517199673
2015-12-10,212.96,106.05281187541782
2015-12-11,211.41,105.95769424291747
2015-12-14,214.1,105.73650068931761
2015-12-15,214.51,105.87932821368031
2015-12-16,213.91,105.54244493161119
2015-12-17,215.86,105.40328912033436
2015-12-18,216.88,105.82003808489023
2015-12-21,227.03,105.90904801204603
2015-12-22,225.03,105.97882900367927
2015-12-23,223.0,105.92137965066844
2015-12-24,224.78,106.28932456538764
2015-12-25,224.5,106.80326410728276
2015-12-28,219.12,106.16226276239054
2015-12-29,219.83,105.98512544052842
2015-12-30,218.86,105.85547474864156
2015-12-31,218.19,106.0894348499087
2016-01-04,210.02,105.60936728720488
2016-01-05,212.82,105.50332734574768
2016-01-06,212.18,105.79977335129139
2016-01-07,202.23,106.17465266338307
2016-01-08,204.63,106.19318510915843
2016-01-11,199.86,106.11997738426084
2016-01-12,196.79,106.56454197720919
2016-01-13,199.78,106.99227036855046
2016-01-14,204.82,106.26369737453415
2016-01-15,199.0,106.18468131532047
2016-01-18,199.43,105.94768344092527
2016-01-19,210.24,106.15991313337047
2016-01-20,202.32,105.52938494687037
2016-01-21,200.26,105.46484036741735
2016-01-22,202.74,105.69740232102774
2016-01-25,202.77,105.614954728179
2016-01-26,199.01,105.78586947241187
2016-01-27,199.93,105.58324575791092
2016-01-28,196.64,105.923409676051
2016-01-29,200.65,106.43394766863467
2016-02-01,201.29,105.96926776836683
2016-02-02,204.55,105.68851796988979
2016-02-03,203.66,105.53076679379613
2016-02-04,204.99,106.04977970562867
2016-02-05,203.87,105.31824588923152
2016-02-16,203.92,105.17422903300124
2016-02-17,202.3,105.49545922308259
2016-02-18,201.71,105.59058707507603
2016-02-19,203.11,105.59828993302571
2016-02-22,207.8,105.54689897193099
2016-02-23,212.41,105.8636948565886
2016-02-24,217.74,106.45750871589556
2016-02-25,212.41,105.92031926169965
2016-02-26,216.84,105.82905997861347
2016-02-29,214.91,105.64301381552522
2016-03-01,218.42,105.97222234399628
2016-03-02,224.22,105.38792764859824
2016-03-03,227.81,105.31712512104757
2016-03-04,238.78,105.55122078927364
2016-03-07,233.64,105.67938844736744
2016-03-08,229.21,105.78405125075167
2016-03-09,227.44,105.8213668227877
2016-03-10,228.06,106.29995258122293
2016-03-11,228.05,106.92913282152809
2016-03-14,224.57,106.21846067552578
2016-03-15,231.92,106.19270468036956
2016-03-16,228.61,105.9855667561455
2016-03-17,229.56,106.37222953563658
2016-03-18,226.0,105.95632053589217
2016-03-21,231.98,105.93639716357013
2016-03-22,234.49,106.48230807112506
2016-03-23,234.97,106.45918131184911
2016-03-24,242.66,106.44812591467819
2016-03-25,244.98,106.39557920707529
2016-03-28,249.58,106.81087985581244
2016-03-29,248.11,107.34579196662786
2016-03-30,248.66,106.65124990149411
2016-03-31,247.64,106.74392810355045
2016-04-01,245.09,106.45739181544248
2016-04-05,245.52,106.8020179286979
2016-04-06,257.21,106.19198305493846
2016-04-07,254.11,106.31743551828993
2016-04-08,249.86,106.68736259981509
2016-04-11,243.72,106.74189728051844
2016-04-12,244.92,106.9698582575478
2016-04-13,242.24,106.97768235783758
2016-04-14,242.76,107.46600876806238
2016-04-15,244.9,107.94571220683986
2016-04-18,243.68,107.34906841613177
2016-04-19,243.18,107.27608599839192
2016-04-20,238.44,106.99544435049127
2016-04-21,240.37,107.3203658947424
2016-04-22,247.4,107.05480666297906
2016-04-25,244.52,106.98260868078631
2016-04-26,243.86,107.2096779999678
2016-04-27,244.88,107.1261414435774
2016-04-28,246.44,107.2750281083867
2016-04-29,251.2,107.1816216922422
2016-05-03,260.0,107.62820859304965
2016-05-04,256.21,108.20771911624144
2016-05-05,257.77,107.55692726269355
2016-05-06,252.22,107.50150427777893
2016-05-09,250.82,107.13464299800756
2016-05-10,252.08,107.50856304065779
2016-05-11,256.87,107.21666755353232
2016-05-12,255.96,107.1194741449313
2016-05-13,250.96,107.4055498992887
2016-05-16,251.63,107.4330070655868
2016-05-17,250.03,107.59427931687542
2016-05-18,244.44,107.64567035806488
2016-05-19,245.77,108.23716480669869
2016-05-20,251.26,108.66078257994867
2016-05-23,254.2,108.1098871441808
2016-05-24,251.94,107.94155368288276
2016-05-25,251.86,107.64104908668011
2016-05-26,252.71,108.01066866679473
2016-05-27,252.44,107.70887651653595
2016-05-30,256.13,107.62222389743081
2016-05-31,264.47,107.82052632097519
2016-06-01,263.79,107.89540509867149
2016-06-02,267.74,107.98549164557959
2016-06-03,283.89,107.84757525055446
2016-06-06,276.05,108.39813109928639
2016-06-07,277.85,108.97261405696405
2016-06-08,274.28,108.45483530346763
2016-06-13,267.06,108.30419684494653
2016-06-14,272.75,108.01161457912924
2016-06-15,276.49,108.39639950023553
2016-06-16,274.02,108.02286734161356
2016-06-17,278.26,108.02817883899574
2016-06-20,276.11,108.49145116679158
2016-06-21,273.81,108.49944926960279
2016-06-22,278.44,108.69689975730718
2016-06-23,276.44,108.99455438812288
2016-06-24,273.77,109.2901541321005
2016-06-27,287.68,109.82628720247602
2016-06-28,288.21,109.22983081607106
2016-06-29,288.18,108.97732005452667
2016-06-30,291.92,108.83634864901217
2016-07-01,286.17,109.27362680283967
2016-07-04,293.9,108.82276492117514
2016-07-05,300.58,108.89131353689638
2016-07-06,317.19,109.17781204602603
2016-07-07,316.91,109.20915764374102
2016-07-08,309.91,109.44541614893812
2016-07-11,315.14,109.41369726774447
2016-07-12,324.73,109.79484595788479
2016-07-13,317.19,110.62538152321963
2016-07-14,317.09,110.02479560874761
2016-07-15,317.52,109.88560212168092
2016-07-18,316.21,109.73183205556447
2016-07-19,308.11,109.9768770683991
2016-07-20,308.56,109.71735009582508
2016-07-21,314.38,109.82498349247508
2016-07-22,307.92,110.45233186193295
2016-07-25,311.26,110.43870919833248
2016-07-26,319.04,110.4857634577013
2016-07-27,314.01,110.62969125137293
2016-07-28,316.05,111.19240015822649
2016-07-29,313.15,111.64565903011643
2016-08-01,306.96,111.05591206935435
2016-08-02,306.21,110.90606514157423
2016-08-03,306.82,110.67073506086213
2016-08-04,306.3,110.85483403272298
2016-08-05,305.93,110.51581637183463
2016-08-08,308.1,110.63334862430678
2016-08-09,315.75,110.89401328937157
2016-08-10,313.81,110.99490369465065
2016-08-11,316.77,111.2628549525418
2016-08-12,316.97,111.2246861579497
2016-08-15,318.78,111.7096143511165
2016-08-16,309.52,112.20528785396412
2016-08-17,308.16,111.4846210520604
2016-08-18,306.43,111.33285989091156
2016-08-19,306.48,111.12580525946798
2016-08-22,307.32,111.40747460634869
2016-08-23,306.88,111.06172063718137
2016-08-24,305.28,111.13917901608838
2016-08-25,303.01,111.61800397844894
2016-08-26,301.45,111.6026349063688
2016-08-29,307.53,111.8195537140679
2016-08-30,305.86,111.86483157025759
2016-08-31,310.19,112.34427875154675
2016-09-01,308.71,112.71034352290842
2016-09-02,305.78,112.0817998393446
2016-09-05,308.5,111.9025204403895
2016-09-06,309.94,111.70433924490858
2016-09-07,306.6,112.01104113001864
2016-09-08,305.82,111.65128821457016
2016-09-09,304.63,111.66650706774165
2016-09-12,298.06,111.99337473485973
2016-09-13,300.43,111.96149309941828
2016-09-14,299.57,112.26585565065444
2016-09-19,300.13,112.25254521824472
2016-09-20,294.96,112.79324235921206
2016-09-21,294.05,113.22378639997295
2016-09-22,296.98,112.56565501289577
2016-09-23,297.68,112.48395000215781
2016-09-26,288.73,112.30649543588834
2016-09-27,291.17,112.50029251599439
2016-09-28,288.41,112.1557855833605
2016-09-29,290.98,112.16323599299847
2016-09-30,297.91,112.40479699278497
2016-10-11,308.92,112.48731132286431
2016-10-12,305.82,112.71215648507564
2016-10-13,303.89,112.72648802646076
2016-10-14,305.6,113.09027437586208
2016-10-17,302.45,113.54335685365058
2016-10-18,307.16,112.9839477421802
2016-10-19,306.45,112.8834028233434
2016-10-20,305.48,112.50421224755728
2016-10-21,304.19,112.82081150192028
2016-10-24,306.93,112.42130665197229
2016-10-25,312.94,112.5163738823795
2016-10-26,313.68,112.99742371823486
2016-10-27,316.87,113.2343709162858
2016-10-28,317.05,113.38409063638835
2016-10-31,317.95,113.36467309911032
2016-11-01,316.68,113.84407597021321
2016-11-02,315.18,114.23540592209716
2016-11-03,315.86,113.73400609920675
2016-11-04,314.82,113.59643314858266
2016-11-07,315.33,113.33397052994476
2016-11-08,320.0,113.59083021062827
2016-11-09,316.81,113.3072886217435
2016-11-10,319.13,113.45641442026896
2016-11-11,315.08,113.83372444718573
2016-11-14,310.99,113.95547125455896
2016-11-15,314.01,114.1297285638217
2016-11-16,313.15,114.16435727807784
2016-11-17,311.04,114.5860286082161
2016-11-18,310.0,114.9900867686031
2016-11-21,309.5,114.43794208474446
2016-11-22,308.87,114.28870757036057
2016-11-23,312.95,114.05297526282746
2016-11-24,316.93,114.42476623591996
2016-11-25,316.89,114.04147374293562
2016-11-28,319.5,114.1581487972635
2016-11-29,323.96,114.44822366137349
2016-11-30,319.08,114.474994540668
2016-12-01,321.02,114.70035453596107
2016-12-02,321.77,114.70201332599284
2016-12-05,315.93,115.10330546505422
2016-12-06,326.42,115.49319619401706
2016-12-07,327.45,114.96373930377378
2016-12-08,337.71,114.82230499359952
2016-12-09,337.76,114.69219052237659
2016-12-12,326.86,115.05621207696835
2016-12-13,333.01,114.67346241369093
2016-12-14,332.27,114.82534487379715
2016-12-15,328.05,115.24072926979836
2016-12-16,327.58,115.20749107783602
2016-12-19,325.96,115.43927786164909
2016-12-20,326.48,115.45539929898261
2016-12-21,328.66,115.77469235698983
2016-12-22,325.2,116.39805469403326
2016-12-23,320.03,115.85064985434578
2016-12-26,324.48,115.88382974205963
2016-12-27,326.16,115.67834110843738
2016-12-28,323.72,115.79595108329629
2016-12-29,327.31,115.55392929710118
2016-12-30,334.15,115.64604717946084
2017-01-03,334.56,115.94552356162212
2017-01-04,351.91,115.98654884830009
2017-01-05,346.74,116.21299901188188
2017-01-06,350.76,116.21694231482941
2017-01-09,348.51,116.66677986786999
2017-01-10,349.0,117.06126113120727
2017-01-11,345.45,116.42255077884586
2017-01-12,347.05,116.4058874954522
2017-01-13,344.87,116.22318481523287
2017-01-16,341.47,116.43040355421212
2017-01-17,349.13,116.16899170235223
2017-01-18,355.08,116.40510017638428
2017-01-19,354.72,116.76233403141711
2017-01-20,354.99,117.10863906768938
2017-01-23,351.22,117.21437127686303
2017-01-24,350.31,117.28621445832675
2017-01-25,347.63,117.65036987335884
2017-01-26,344.42,118.09937301717221
2017-02-06,346.85,117.46261597620256
2017-02-07,343.58,117.42935323205452
2017-02-08,344.21,117.17159302043096
2017-02-09,347.61,117.36197638029147
2017-02-10,345.08,117.20463666550232
2017-02-13,349.75,117.41568542905233
2017-02-14,350.21,117.75730092735195
2017-02-15,348.53,117.87978455193871
2017-02-16,348.09,117.98409883980152
2017-02-17,350.56,117.99736752277194
2017-02-20,361.29,118.35269430580203
2017-02-21,358.74,118.7759005059304
2017-02-22,361.89,118.23388625606135
2017-02-23,361.7,118.12389700973088
2017-02-24,362.62,117.91730490101193
2017-02-27,357.2,118.21069234636582
2017-02-28,354.66,117.88284882441793
2017-03-01,356.61,118.0983519134137
2017-03-02,356.82,118.44197869391601
2017-03-03,356.54,118.53062790580509
2017-03-06,358.96,118.67986358407161
2017-03-07,367.2,118.75545736913892
2017-03-08,367.28,119.34225095401025
2017-03-09,369.9,119.72969034896714
2017-03-10,369.85,119.22645936742276
2017-03-13,371.55,119.14728585082099
2017-03-14,369.5,118.95370131303811
2017-03-15,374.68,119.10146059491551
2017-03-16,374.77,118.79742956852168
2017-03-17,378.48,118.99035170708426
2017-03-20,386.41,119.33465311896653
2017-03-21,394.01,119.4615016870564
2017-03-22,394.48,119.67763495122571
2017-03-23,389.79,119.85112682837793
2017-03-24,386.82,120.26035221741718
2017-03-27,378.82,120.71616187719324
2017-03-28,380.26,120.14337966666372
2017-03-29,383.65,120.10022145938639
2017-03-30,386.14,119.86637083728296
2017-03-31,386.36,120.18047693836513
2017-04-05,389.66,119.8960064409808
2017-04-06,391.91,120.1316726975174
2017-04-07,392.87,120.59371960559604
2017-04-10,389.2,120.8224383300644
2017-04-11,385.29,120.98290598647482
2017-04-12,390.23,120.96630555014072
2017-04-13,398.39,121.35484598690053
2017-04-14,395.45,121.67775133951308
2017-04-17,395.79,121.14598468500324
2017-04-18,404.65,121.13214904026768
2017-04-19,405.74,120.9785074389333
2017-04-20,415.31,121.22532732706561
2017-04-21,400.53,121.01754998330705
2017-04-24,398.55,121.19263271998817
2017-04-25,418.89,121.56108331743886
2017-04-26,417.96,121.69228187689868
2017-04-27,421.44,121.79202728762782
2017-04-28,413.48,121.92989641816604
2017-05-02,412.08,122.44428150128658
2017-05-03,417.61,122.79274216089198
2017-05-04,416.0,122.27252225633471
2017-05-05,416.19,122.34762701468155
2017-05-08,405.48,122.15649351995056
2017-05-09,408.76,122.51299041999326
2017-05-10,410.09,122.02655169861755
2017-05-11,412.16,122.18866751732959
2017-05-12,413.47,122.86098948266252
2017-05-15,419.55,122.96962651684744
2017-05-16,430.12,123.18784447352877
2017-05-17,426.6,123.16408590794155
2017-05-18,429.54,123.5708500433071
2017-05-19,440.82,124.048675335572
2017-05-22,441.78,123.51384489412041
2017-05-23,454.2,123.49286886423413
2017-05-24,450.32,123.15870862113863
2017-05-25,450.6,123.47253588201835
2017-05-26,451.92,123.17163469942514
2017-05-31,442.94,123.3862047055236
2017-06-01,449.28,123.81151164469293
2017-06-02,447.31,124.03582183171649
2017-06-05,444.41,124.34652908335919
2017-06-06,448.82,124.32817162089484
2017-06-07,459.37,124.81371725780888
2017-06-08,464.31,125.40635768897921
2017-06-09,465.74,124.88622942334622
2017-06-12,472.88,125.03777550969441
2017-06-13,473.04,124.75987763123473
2017-06-14,474.39,125.04879153529168
2017-06-15,464.3,124.75269748336075
2017-06-16,462.63,124.79100858615149
2017-06-19,470.17,125.30995236579977
2017-06-20,466.3,125.43748681993424
2017-06-21,472.71,125.58339401253771
2017-06-22,472.75,125.69067492649869
2017-06-23,472.73,126.27664717476603
2017-06-26,484.68,126.78400927072678
2017-06-27,484.1,126.2903603425738
2017-06-28,475.3,126.39772960593696
2017-06-29,473.01,126.12692834548078
2017-06-30,471.85,126.42542918073502
2017-07-03,460.37,125.97434496112113
2017-07-04,451.92,126.0850373810826
2017-07-05,460.13,126.61873229207393
2017-07-06,455.98,126.71782392374558
2017-07-07,445.97,126.98087719857143
2017-07-10,454.47,126.99910993047142
2017-07-11,463.13,127.49293958172164
2017-07-12,457.47,128.1278561785518
2017-07-13,456.16,127.56851384764374
2017-07-14,456.41,127.48386364058493
2017-07-17,450.07,127.2043566579543
2017-07-18,452.55,127.46173556175351
2017-07-19,456.86,126.97111151411283
2017-07-20,466.47,127.02037558211562
2017-07-21,473.2,127.63094325341898
2017-07-24,477.8,127.7073753122907
2017-07-25,477.96,127.78263942544974
2017-07-26,471.63,127.94693843580903
2017-07-27,473.87,128.5213660442934
2017-07-28,483.92,128.9353398921844
2017-07-31,481.22,128.40636629727643
2017-08-01,480.24,128.41214420538083
2017-08-02,482.84,128.06483476647696
2017-08-03,477.22,128.3907636370251
2017-08-04,473.64,128.0630458846893
2017-08-07,481.56,128.31567480202614
2017-08-08,482.58,128.92182872684796
2017-08-09,490.85,129.09143411200742
2017-08-10,491.63,129.28714708956022
2017-08-11,484.06,129.27222467973
2017-08-14,499.83,129.78124288288117
2017-08-15,495.97,130.42417270705496
2017-08-16,496.49,129.83786603479626
2017-08-17,492.69,129.83650261714953
2017-08-18,489.65,129.5870604612353
2017-08-21,489.73,129.7965092588633
2017-08-22,487.22,129.3881666181126
2017-08-23,494.01,129.6462190896582
2017-08-24,492.81,130.1906852501084
2017-08-25,492.99,130.41651929074874
2017-08-28,492.04,130.60117474794086
2017-08-29,489.44,130.54940367963584
2017-08-30,492.97,131.25401377006185
2017-08-31,491.15,131.70940877914305
2017-09-01,495.18,131.16568175848886
2017-09-04,492.42,131.13255978296831
2017-09-05,489.99,130.81860308956607
2017-09-06,484.98,131.08974993061253
2017-09-07,481.27,130.6738550691861
2017-09-08,474.37,130.93480950843696
2017-09-11,478.32,131.41941547077283
2017-09-12,484.91,131.5748084793726
2017-09-13,491.63,131.7544288594807
2017-09-14,490.71,131.7650601972146
2017-09-15,489.84,132.35514358043312
2017-09-18,498.97,132.81521568987165
2017-09-19,496.95,132.34701291954892
2017-09-20,496.2,132.30119474481037
2017-09-21,498.77,131.99218398234333
2017-09-22,499.93,132.20670723153947
2017-09-25,507.24,131.78288247503858
2017-09-26,509.29,131.90473828620551
2017-09-27,508.21,132.47645344377452
2017-09-28,518.46,132.70562325716602
2017-09-29,517.64,132.99199989747967
2017-10-10,540.06,132.99844990433215
2017-10-11,545.54,133.5918326204417
2017-10-12,544.09,134.2054181684238
2017-10-13,556.15,133.64221466566588
2017-10-16,560.69,133.64731783267393
2017-10-17,556.73,133.40822134335298
2017-10-18,560.72,133.6755873425279
2017-10-19,582.6,133.3916839946981
2017-10-20,574.33,133.6414385311639
2017-10-23,573.41,134.1342709300196
2017-10-24,567.33,134.4266893547217
2017-10-25,565.67,134.59494950512692
2017-10-26,605.09,134.8920373751169
2017-10-27,649.63,135.59192701423325
2017-10-30,622.08,136.16574800431567
2017-10-31,618.03,135.71785882976383
2017-11-01,623.01,135.75098507745219
2017-11-02,626.92,135.43692053673666
2017-11-03,639.17,135.75751889975118
2017-11-06,653.06,135.66505147378783
2017-11-07,642.07,135.77832172932614
2017-11-08,650.38,136.27235757824602
2017-11-09,650.07,136.40757686570257
2017-11-10,677.95,136.5785005602352
2017-11-13,687.88,137.1602453340846
2017-11-14,678.75,138.22429437240785
2017-11-15,688.08,138.41778985497697
2017-11-16,719.11,137.8811797098484
2017-11-17,690.25,137.98694453786646
2017-11-20,679.15,137.68940293980185
2017-11-21,677.25,138.07823957987665
2017-11-22,650.52,137.9001217356493
2017-11-23,633.73,137.901268968844
2017-11-24,630.04,138.4843004108793
2017-11-27,621.29,138.65047983200503
2017-11-28,648.23,139.10719423877376
2017-11-29,638.12,139.4298412338641
2017-11-30,631.0,139.98994719317486
2017-12-01,622.35,140.51938893125913
2017-12-04,637.79,140.28102059666313
2017-12-05,632.96,140.03726292287587
2017-12-06,625.01,139.63834595063997
2017-12-07,616.69,139.90951193990676
2017-12-08,627.28,139.32881352687843
2017-12-11,650.99,139.3171025988476
2017-12-12,651.32,139.86781777231303
2017-12-13,668.21,139.94756546318632
2017-12-14,664.55,140.51778892079176
2017-12-15,653.79,140.59231461840793
2017-12-18,665.77,141.1488017932633
2017-12-19,667.09,141.54394447342162
2017-12-20,684.91,141.25572323569253
2017-12-21,681.74,141.18558862905962
2017-12-22,682.92,140.790510329586
2017-12-25,688.12,141.00193177523008
2017-12-26,680.81,140.78352470514298
2017-12-27,664.18,141.1304850758884
2017-12-28,718.69,141.6382223851853
2017-12-29,697.49,142.07212058941204
2018-01-02,703.85,142.2992971996261
2018-01-03,715.86,142.3695744879278
2018-01-04,737.07,143.15730303226053
2018-01-05,738.36,143.6556140932377
2018-01-08,752.13,143.41374427622247
2018-01-09,782.52,143.34270878957454
2018-01-10,785.71,143.08360749554276
2018-01-11,774.81,143.42389560987243
2018-01-12,788.42,143.0074392868287
2018-01-15,785.37,143.01735928456085
2018-01-16,772.94,144.10436806021576
2018-01-17,747.93,144.06287902593823
2018-01-18,750.74,144.3874915019848
2018-01-19,750.18,144.66027941506675
2018-01-22,773.64,145.53327525764104
2018-01-23,773.78,146.03815927101263
2018-01-24,764.46,145.77583993573967
2018-01-25,769.16,145.9723156278736
2018-01-26,777.22,145.68584784069017
2018-01-29,736.32,145.8965106396569
2018-01-30,742.08,145.60907699427435
2018-01-31,764.54,145.71784309560226
2018-02-01,757.73,146.29883710336225
2018-02-02,740.4,146.20477355964707
2018-02-05,718.23,146.51887253429229
2018-02-06,708.86,146.64751132399533
2018-02-07,683.43,147.56424918336913
2018-02-08,700.99,147.9742269802693
2018-02-09,683.43,147.55467260040857
2018-02-12,697.48,147.55361969874176
2018-02-13,711.98,147.3391859441441
2018-02-14,718.45,147.2555703756166
2018-02-23,742.48,147.00933348018108
2018-02-26,743.51,147.38384277446593
2018-02-27,737.98,147.95243086117844
2018-02-28,725.62,147.8822960475272
2018-03-01,741.97,147.96491352312407
2018-03-02,736.41,148.07427418923132
2018-03-05,720.11,148.55704703699033
2018-03-06,718.26,149.1698861813932
2018-03-07,710.04,148.59896743598284
2018-03-08,722.76,148.72946039440316
2018-03-09,728.2,148.59933855867695
2018-03-12,723.95,148.87264239562634
2018-03-13,710.35,148.79584915840016
2018-03-14,726.88,148.94082641054155
2018-03-15,746.47,149.5392140674901
2018-03-16,739.85,149.52424669231021
2018-03-19,753.48,149.95275695763326
2018-03-20,747.73,150.07542570532712
2018-03-21,742.0,150.60831468937
2018-03-22,726.08,151.07604421573845
2018-03-23,711.06,150.54209384591223
2018-03-26,713.49,150.6717861327909
2018-03-27,714.74,150.45799287284274
2018-03-28,682.05,150.6304385060034
2018-03-29,689.1,150.1717017316708
2018-03-30,683.62,150.51877806261479
2018-04-02,680.06,151.31134107526748
2018-04-03,677.91,151.28632829701093
2018-04-04,694.01,151.7277352924823
2018-04-09,698.3,151.84544039574513
2018-04-10,708.02,152.47252757497748
2018-04-11,705.36,152.82434500519997
2018-04-12,694.2,152.22773227734973
2018-04-13,686.86,152.28511822857007
2018-04-16,681.38,152.0217548065231
2018-04-17,666.2,151.8731110686434
2018-04-18,655.64,151.63587998825906
2018-04-19,679.96,151.75218408411556
2018-04-20,670.26,152.41173041318643
2018-04-23,674.01,152.40337651833963
2018-04-24,689.88,152.92116101988245
2018-04-25,690.97,153.12838153565195
2018-04-26,678.23,153.8956898752998
2018-04-27,662.53,154.30279019492932
2018-05-02,667.83,153.685216553596
2018-05-03,670.88,153.6767231074957
2018-05-04,662.87,153.36449671260485
2018-05-07,698.17,153.32052370467312
2018-05-08,708.83,153.00503231652317
2018-05-09,701.95,153.47804517026603
2018-05-10,714.19,153.99654335145112
2018-05-11,718.02,154.09383925651645
2018-05-14,742.41,154.6437708802868
2018-05-15,743.06,154.84032698053556
2018-05-16,734.52,155.38565918414398
2018-05-17,727.38,155.65131661631537
2018-05-18,739.32,155.20853929968564
2018-05-21,734.82,155.30725893001758
2018-05-22,739.57,154.93724463083979
2018-05-23,723.78,155.4405127244897
2018-05-24,715.4,155.22628206009966
2018-05-25,716.86,155.37488174026691
2018-05-28,740.4,156.13032969700012
2018-05-29,731.43,156.25322509592058
2018-05-30,725.87,156.8917961759954
2018-05-31,751.13,157.02930486188745
2018-06-01,745.11,157.65063131309614
2018-06-04,781.97,157.989108643127
2018-06-05,788.05,157.69925770295208
2018-06-06,785.75,157.71012427552728
2018-06-07,780.97,157.46485430029077
2018-06-08,777.95,157.47462302857568
2018-06-11,775.73,157.10933698626053
2018-06-12,799.19,157.34566593449986
2018-06-13,790.33,158.2812356511768
2018-06-14,786.13,158.21665815794117
2018-06-15,773.33,158.60727588685424
2018-06-19,738.0,158.9897084447612
2018-06-20,763.59,159.5060882456634
2018-06-21,759.32,160.3389159911118
2018-06-22,766.53,159.92533661051013
2018-06-25,765.56,159.9564881039454
2018-06-26,754.8,159.62580269106252
2018-06-27,722.44,159.72785487008488
2018-06-28,710.93,159.3532876142049
2018-06-29,731.46,159.78830759095203
2018-07-02,711.55,160.4411389187054
2018-07-03,694.92,160.3896793911281
2018-07-04,690.91,160.6769033548586
2018-07-05,702.39,160.50544915429984
2018-07-06,714.12,161.42934137698808
2018-07-09,727.24,161.88949812963932
2018-07-10,725.76,161.53864932606524
2018-07-11,719.58,161.5606234781053
2018-07-12,737.54,161.1483565662574
2018-07-13,746.99,160.9932454124041
2018-07-16,754.68,160.59489046017353
2018-07-17,742.43,161.09977442297426
2018-07-18,737.44,161.54280224177535
2018-07-19,740.95,161.37465587742852
2018-07-20,741.13,161.7592874637612
2018-07-23,732.07,162.01388265750532
2018-07-24,745.4,162.8076951268209
2018-07-25,743.81,163.44918549564707
2018-07-26,735.62,162.99220112744078
2018-07-27,738.56,162.9439063235399
2018-07-30,719.21,162.83107128425985
2018-07-31,726.44,162.97265907661938
2018-08-01,714.94,162.74812509119815
2018-08-02,695.84,162.90978836535066
2018-08-03,678.99,163.46266468004333
2018-08-06,669.68,163.45320322610442
2018-08-07,686.28,163.8497367581629
2018-08-08,676.22,163.94064577253883
2018-08-09,691.88,164.77034444538947
2018-08-10,687.18,165.2879722586915
2018-08-13,679.22,164.7500832813219
2018-08-14,680.13,164.78711207453142
2018-08-15,662.8,164.30505723321215
2018-08-16,648.44,164.44847007196344
2018-08-17,634.86,163.98812938037642
2018-08-20,644.79,164.03635755594343
2018-08-21,671.49,164.50145472393473
2018-08-22,667.7,164.44809025690677
2018-08-23,670.21,165.0446593729326
2018-08-24,660.3,165.06539510497805
2018-08-27,687.3,165.95965195254936
2018-08-28,681.0,166.46095195146225
2018-08-29,685.85,165.89888565623792
2018-08-30,680.4,165.94868194866655
2018-08-31,659.19,165.41903912165293
2018-09-03,666.21,165.31782174204596
2018-09-04,675.04,164.84409495193563
2018-09-05,657.79,165.23525087262735
2018-09-06,644.0,166.11147581888156
2018-09-07,650.97,166.00866932691403
2018-09-10,644.8,166.50449572433197
2018-09-11,646.0,166.48275377049342
2018-09-12,630.0,167.5735520531324
2018-09-13,631.98,167.94682310597466
2018-09-14,642.9,167.53761372254635
2018-09-17,645.81,167.52851280350933
2018-09-18,666.7,166.9317394135737
2018-09-19,681.42,167.14921466255444
2018-09-20,678.55,166.92698868768926
2018-09-21,700.01,166.98612232636893
2018-09-25,697.02,167.5210256359127
2018-09-26,724.93,167.56668831130872
2018-09-27,724.0,168.00323764155095
2018-09-28,730.0,168.10463361528562
2018-10-09,695.0,168.74254920427586
2018-10-10,670.92,169.16763188558605
2018-10-11,644.99,168.79301038306292
2018-10-12,668.0,168.78822381374093
2018-10-15,666.9,168.69948223832372
2018-10-16,667.14,168.9682299862264
2018-10-17,665.72,168.59504106439613
2018-10-18,645.94,169.07674730565546
2018-10-19,670.0,169.6217033007094
2018-10-22,693.0,169.97643826970474
2018-10-23,641.74,170.45571611310703
2018-10-24,636.99,170.4977036463165
2018-10-25,619.0,170.88450865462266
2018-10-26,610.1,171.03736013527242
2018-10-29,549.09,170.2637929573134
2018-10-30,524.0,170.41524901187333
2018-10-31,548.9,169.98197061324333
2018-11-01,563.0,170.18802500281072
2018-11-02,599.9,169.86276576814814
2018-11-05,575.8,169.9948195362688
2018-11-06,566.0,170.84605280403915
2018-11-07,566.4,171.13146694344974
2018-11-08,570.34,170.9473873601979
2018-11-09,562.0,171.00746141105543
2018-11-12,552.0,171.4698880239024
2018-11-13,570.0,171.75265539632198
2018-11-14,555.1,170.4590450247343
2018-11-15,559.7,170.12346329882817
2018-11-16,560.0,170.1634820591933
2018-11-19,569.02,170.49547127828055
2018-11-20,561.6,170.68428292269772
2018-11-21,564.7,170.56362449314085
2018-11-22,564.5,171.10467073256132
2018-11-23,556.9,171.19790128001725
2018-11-26,552.11,171.55765200291103
2018-11-27,548.1,171.5189298847168
2018-11-28,557.0,172.03486944654972
2018-11-29,551.6,172.7251103382777
2018-11-30,565.0,171.84886188449983
2018-12-03,601.2,171.9637935978538
2018-12-04,602.23,171.7780185957039
2018-12-05,610.1,172.07447350841713
2018-12-06,591.8,171.73246613176138
2018-12-07,587.0,171.90600577463562
2018-12-10,577.23,172.53458747526014
2018-12-11,582.99,172.4871464426671
2018-12-12,589.0,172.76740554969385
2018-12-13,601.75,172.7961265988237
2018-12-14,592.96,173.60608310260523
2018-12-17,590.52,173.95062177795992
2018-12-18,590.94,173.46126239886996
2018-12-19,577.8,173.9912699379381
2018-12-20,574.5,173.6828531977145
2018-12-21,567.41,173.9714880706508
2018-12-24,568.0,173.4285346334427
2018-12-25,565.79,173.5494313974042
2018-12-26,560.08,174.04915413984196
2018-12-27,563.0,174.18509068748438
2018-12-28,590.01,174.59904350356507
2019-01-02,598.98,174.90915551751024
2019-01-03,590.0,175.47815739816454
2019-01-04,602.0,175.85674260043254
2019-01-07,605.49,175.24757306287975
2019-01-08,604.79,175.18125398189798
2019-01-09,616.12,174.85260457992015
2019-01-10,618.77,174.98802614978226
2019-01-11,635.88,174.68613559221174
2019-01-14,624.6,174.8676927911235
2019-01-15,659.98,175.37337202746093
2019-01-16,661.1,175.586890402745
2019-01-17,659.25,176.3116818049279
2019-01-18,683.61,176.52221728677628
2019-01-21,686.98,177.1017390221059
2019-01-22,671.0,177.7076618282268
2019-01-23,665.66,177.06979280219787
2019-01-24,672.5,177.12692201204985
2019-01-25,679.7,177.00813580932345
2019-01-28,677.0,177.25012921123513
2019-01-29,685.0,177.15324542375964
2019-01-30,676.0,177.18760904617582
2019-01-31,689.6,178.23495091278178
2019-02-01,692.67,178.36871383626954
2019-02-12,717.92,178.75861347485366
2019-02-13,735.25,179.2359476086452
2019-02-14,737.16,179.9426452540456
2019-02-15,724.78,180.2093448887595
2019-02-18,740.0,179.47393465021622
2019-02-19,730.76,179.67198880621007
2019-02-20,722.0,179.47591350442985
2019-02-21,720.25,179.62126517490984
2019-02-22,726.01,179.43838277215278
2019-02-25,742.33,179.47992663944876
2019-02-26,727.35,180.374502606324
2019-02-27,740.7,180.47068716103425
2019-02-28,755.01,181.2092758011632
2019-03-01,789.3,181.60887630464075
2019-03-04,781.86,182.3414054510052
2019-03-05,779.78,182.60926522653446
2019-03-06,768.0,182.12705270583393
2019-03-07,748.6,182.08654934607662
2019-03-08,737.5,181.69412443736095
2019-03-11,758.54,181.84445478647655
2019-03-12,745.01,181.6957939216846
2019-03-13,754.0,181.9766209357087
2019-03-14,778.0,182.5436758087286
2019-03-15,777.3,182.85162718656568
2019-03-18,810.09,183.47110870334075
2019-03-19,792.61,184.12469034193046
2019-03-20,792.8,184.64974834990008
2019-03-21,785.75,185.03587734175503
2019-03-22,794.0,184.26057740048896
2019-03-25,775.6,184.1326268002101
2019-03-26,773.0,183.6988395881346
2019-03-27,788.5,184.12805895297308
2019-03-28,806.8,183.75155616368608
2019-03-29,853.99,184.04799631721613
2019-04-01,859.0,185.1053130452648
2019-04-02,850.0,185.23032006847356
2019-04-03,844.5,186.06199013894235
2019-04-04,865.0,186.1300534559965
2019-04-08,900.2,186.8088207069634
2019-04-09,905.0,187.2001356749076
2019-04-10,947.99,186.64508938030738
2019-04-11,925.2,186.55277100007342
2019-04-12,914.0,186.19156846968045
2019-04-15,907.0,186.5789508474785
2019-04-16,939.9,186.48497232595943
2019-04-17,952.0,187.21366081471118
2019-04-18,945.5,188.0278396680843
2019-04-19,952.56,188.05015328444935
2019-04-22,949.2,188.56126233132258
2019-04-23,974.95,189.0071540528722
2019-04-24,970.0,190.04458640078334
2019-04-25,952.37,190.4735923205722
2019-04-26,945.0,190.21080895140685
2019-04-29,971.97,189.980114740471
2019-04-30,974.0,189.62265934746355
2019-05-06,906.0,189.82280556544137
2019-05-07,890.0,189.76843274037546
2019-05-08,884.4,190.11299463685268
2019-05-09,858.81,190.80183476536826
2019-05-10,907.12,190.9314100568028
2019-05-13,892.0,191.54248461057767
2019-05-14,886.57,192.02949138367075
2019-05-15,927.0,192.67712159251332
2019-05-16,929.91,192.99318788664652
2019-05-17,906.79,192.35120013455037
2019-05-20,884.96,192.52556687303192
2019-05-21,895.0,192.18285695103407
2019-05-22,888.0,191.80970170969545
2019-05-23,861.0,191.44668823792657
2019-05-24,878.5,191.61888677716357
2019-05-27,879.0,192.14188957742766
2019-05-28,888.0,192.7589162774024
2019-05-29,911.91,193.16469527762402
2019-05-30,905.3,193.4748363838726
2019-05-31,890.0,194.5623587759759
2019-06-03,892.0,194.93515191952346
2019-06-04,875.3,194.12198315000765
2019-06-05,871.6,193.87769354738225
2019-06-06,862.13,193.65943702555967
2019-06-10,871.08,193.71492486209837
2019-06-11,910.89,193.23379577370892
2019-06-12,906.7,193.76457388187106
2019-06-13,910.0,194.46605312967367
2019-06-14,913.0,194.77198873669118
2019-06-17,911.6,195.53774651133403
2019-06-18,917.0,195.77733201235472
2019-06-19,932.01,196.39971848345462
2019-06-20,975.0,196.83142146849514
2019-06-21,976.3,196.10730917660777
2019-06-24,987.1,196.04043349822766
2019-06-25,982.98,195.66116777769804
2019-06-26,979.86,195.88257855253445
2019-06-27,996.35,196.0144391650116
2019-06-28,984.0,196.30107706827172
2019-07-01,1031.86,197.0243540364352
2019-07-02,1025.0,197.36154423151694
2019-07-03,987.9,197.89550335821014
2019-07-04,981.2,198.18625622799567
2019-07-05,999.82,199.07028879799967
2019-07-08,984.86,199.90892382542182
2019-07-09,976.06,199.22729870484994
2019-07-10,982.52,199.27768811370478
2019-07-11,981.5,198.93182110510014
2019-07-12,986.09,199.05190003611992
2019-07-15,975.93,199.01141906009914
2019-07-16,968.0,199.17369581119812
2019-07-17,963.5,200.32478281579455
2019-07-18,947.5,200.48123554256716
2019-07-19,955.87,200.67239677585994
2019-07-22,957.02,200.93988196576808
2019-07-23,953.98,201.89217367125275
2019-07-24,946.36,202.2026423488573
2019-07-25,963.0,201.44214594955704
2019-07-26,965.03,201.51657811053207
2019-07-29,976.41,201.18330512768478
2019-07-30,978.93,201.39484172500468
2019-07-31,972.6,201.1233355628703
2019-08-01,959.3,201.31534184463456
2019-08-02,954.45,202.04550745019944
2019-08-05,942.43,202.09998647089648
2019-08-06,946.3,202.6690458958919
2019-08-07,945.0,202.98969973161888
2019-08-08,971.68,203.76156680460323
2019-08-09,962.03,204.17273652230784
2019-08-12,1018.63,203.64028631734544
2019-08-13,1017.95,203.75326636147278
2019-08-14,1043.33,203.53123842212187
2019-08-15,1044.9,203.75393080972802
2019-08-16,1054.6,203.49892060545244
2019-08-19,1055.88,203.65382957593994
2019-08-20,1070.0,204.40208316617262
2019-08-21,1066.0,204.50101832827835
2019-08-22,1104.0,205.05692615448206
2019-08-23,1130.1,205.4124968167426
2019-08-26,1102.95,206.5229956300176
2019-08-27,1109.0,206.80547341224334
2019-08-28,1100.11,206.71022689366384
2019-08-29,1113.1,206.6775722343849
2019-08-30,1142.0,206.62297111621214
2019-09-02,1138.76,206.84138705643565
2019-09-03,1140.0,206.7166573684994
2019-09-04,1125.01,206.97819997197362
2019-09-05,1144.0,207.87379885598153
2019-09-06,1142.49,208.04482049919798
2019-09-09,1136.52,208.9153025962566
2019-09-10,1123.85,209.43521951334364
2019-09-11,1069.52,210.032224659416
2019-09-12,1099.0,210.4097240820836
2019-09-16,1099.0,209.8135749328343
2019-09-17,1094.01,209.91872599225715
2019-09-18,1148.9,209.88215943239268
2019-09-19,1145.0,210.10678047487175
2019-09-20,1157.42,209.915051155349
2019-09-23,1149.0,210.05884874563088
2019-09-24,1184.0,211.02783402447844
2019-09-25,1174.0,211.24194860091242
2019-09-26,1167.0,211.76755331041542
2019-09-27,1174.75,211.99159302535995
2019-09-30,1150.0,212.33916832401349
2019-10-09,1146.81,212.99496586397802
2019-10-10,1155.0,212.40246250310497
2019-10-11,1174.6,212.3818096838259
2019-10-14,1180.0,212.65773993973164
2019-10-15,1211.0,212.7868258488242
2019-10-16,1170.0,212.74895795337557
2019-10-17,1183.33,212.84252361492784
2019-10-18,1175.79,214.0127947362326
2019-10-21,1168.5,214.08409189999986
2019-10-22,1170.8,214.60337649888265
2019-10-23,1158.91,215.00214486860256
2019-10-24,1150.27,215.51696699214696
2019-10-25,1171.35,215.94889591294958
2019-10-28,1178.29,215.46517078887484
2019-10-29,1193.0,215.64575956213326
2019-10-30,1183.8,215.55306256751334
2019-10-31,1180.01,215.94936105847756
2019-11-01,1185.0,215.42147838482765
2019-11-04,1199.59,215.76767955674413
2019-11-05,1199.0,216.62884266863054
2019-11-06,1193.0,216.7230870500036
2019-11-07,1201.37,217.31624210147365
2019-11-08,1205.0,217.56804885338175
2019-11-11,1199.0,218.21506889379864
2019-11-12,1201.6,218.8588655354063
2019-11-13,1224.0,218.33946770108327
2019-11-14,1230.0,218.52998386185808
2019-11-15,1224.9,218.30528464458723
2019-11-18,1227.28,218.4613879706666
2019-11-19,1232.32,218.27488911326742
2019-11-20,1233.75,218.6475706746672
2019-11-21,1231.3,219.54105002574505
2019-11-22,1194.0,219.63483340714546
2019-11-25,1182.06,220.23536741409845
2019-11-26,1185.0,220.57355024369602
2019-11-27,1189.95,221.23614125773375
2019-11-28,1175.8,221.7688527963643
2019-11-29,1129.0,221.3576584698543
2019-12-02,1133.0,221.3771791791417
2019-12-03,1118.0,221.17584578379783
2019-12-04,1122.33,221.36159787623478
2019-12-05,1129.8,221.18375019197
2019-12-06,1170.0,221.47092977637968
2019-12-09,1158.7,222.42035340914308
2019-12-10,1164.4,222.22565462609867
2019-12-11,1158.98,222.738532457439
2019-12-12,1137.0,223.0875844701892
2019-12-13,1163.0,223.79542287377487
2019-12-16,1147.92,224.22512316427162
2019-12-17,1169.98,223.23346046312608
2019-12-18,1168.0,223.3700942437444
2019-12-19,1157.4,223.05368849943113
2019-12-20,1146.3,223.27203443306252
2019-12-23,1149.3,223.0997653497693
2019-12-24,1148.0,223.72940481759
2019-12-25,1133.7,224.52387240495372
2019-12-26,1135.1,224.64221166460166
2019-12-27,1163.0,225.18553893198447
2019-12-30,1185.8,225.37339503373724
2019-12-31,1183.0,226.35962060126383
2020-01-02,1130.0,226.7054803268097
2020-01-03,1078.56,226.19723711672233
2020-01-06,1077.99,226.15159730892367
2020-01-07,1094.53,225.8611302744505
2020-01-08,1088.14,225.9951692461431
2020-01-09,1102.7,225.79889208849244
2020-01-10,1112.5,226.13666744988151
2020-01-13,1124.27,226.91003758819775
2020-01-14,1107.4,227.04480868430156
2020-01-15,1112.13,227.8508447352897
2020-01-16,1107.0,228.36939955588926
2020-01-17,1107.5,229.08610411847087
2020-01-20,1091.0,229.0748246430385
2020-01-21,1075.3,227.97387601892083
2020-01-22,1075.51,228.00583954351666
2020-01-23,1052.8,227.95408819479562
2020-02-04,1038.01,228.03577118904633
2020-02-05,1049.99,227.94029359233525
2020-02-06,1071.0,228.3773211217997
2020-02-07,1076.0,229.39556347824438
2020-02-10,1066.49,229.3463249206543
2020-02-11,1098.0,229.99888688824888
2020-02-12,1097.27,230.3493518795973
2020-02-13,1091.0,231.10132928389115
2020-02-14,1088.0,231.32545750921278
2020-02-17,1093.82,230.5046944673836
2020-02-18,1084.0,230.58095316949786
2020-02-19,1096.5,230.14845625115817
2020-02-20,1118.0,230.20324723814542
2020-02-21,1112.88,230.17825741144694
2020-02-24,1087.18,230.71280333231408
2020-02-25,1074.81,231.60081781148097
2020-02-26,1073.7,231.56170208274466
2020-02-27,1087.39,232.50435762933907
2020-02-28,1057.0,232.8539582368015
2020-03-02,1086.01,233.4863648418931
2020-03-03,1113.0,233.88675360505218
2020-03-04,1128.92,233.30378939046113
2020-03-05,1171.0,233.29748558739323
2020-03-06,1155.5,233.2717568829757
2020-03-09,1114.01,233.60520166166137
2020-03-10,1156.0,233.3107097266853
2020-03-11,1158.52,233.51089080026622
2020-03-12,1138.5,234.29233186332496
2020-03-13,1112.03,234.309398821676
2020-03-16,1067.0,235.08197513947874
2020-03-17,1045.1,235.02327344450205
2020-03-18,1007.99,236.02256517184412
2020-03-19,996.0,236.57948961925698
2020-03-20,1035.28,236.02420587758712
2020-03-23,1019.0,236.54867156835562
2020-03-24,1056.0,236.15913191802397
2020-03-25,1080.1,236.03003117197073
2020-03-26,1064.92,236.3014863932049
2020-03-27,1075.5,236.6249584102563
2020-03-30,1072.0,237.34343864009824
2020-03-31,1111.0,237.14444360252907
2020-04-01,1103.0,237.48104353634145
2020-04-02,1145.0,237.5287183080899
2020-04-03,1139.79,238.00898335258987
2020-04-07,1159.95,238.27940687756217
2020-04-08,1159.76,238.07872610357444
2020-04-09,1158.5,238.00952998661685
2020-04-10,1165.0,238.16850563570844
2020-04-13,1162.3,238.55191620623432
2020-04-14,1185.1,238.27454528510776
2020-04-15,1189.6,238.76302238819972
2020-04-16,1197.1,239.59209341010038
2020-04-17,1226.0,240.02092875798436
2020-04-20,1227.3,240.6315468586238
2020-04-21,1200.0,241.29939354978242
2020-04-22,1244.5,241.93616851379522
2020-04-23,1252.26,242.6041438940934
2020-04-24,1250.56,242.00976275149912
2020-04-27,1276.0,242.07696524668992
2020-04-28,1279.13,242.01140034114962
2020-04-29,1274.9,242.15663254848275
2020-04-30,1265.7,242.2238255295562
2020-05-06,1300.0,242.60629974365702
2020-05-07,1312.0,243.59482338396447
2020-05-08,1314.61,243.9620931512307
2020-05-11,1323.01,244.61156605142446
2020-05-12,1333.0,244.6935412845442
2020-05-13,1335.95,245.85635079314028
2020-05-14,1326.59,246.35381809565666
2020-05-15,1313.0,245.7150953753422
2020-05-18,1346.21,246.00062429083766
2020-05-19,1346.11,245.91832175961207
2020-05-20,1351.0,246.04412444822705
2020-05-21,1366.1,245.86205706525323
2020-05-22,1328.2,246.55420586858654
2020-05-25,1362.9,247.4719585573287
2020-05-26,1358.0,247.67696846589365
2020-05-27,1338.0,248.38214873378666
2020-05-28,1344.0,248.7184492602314
2020-05-29,1366.6,249.55908465611935
2020-06-01,1419.5,249.95561913867576
2020-06-02,1410.71,249.30781069812463
2020-06-03,1399.3,249.69366349272283
2020-06-04,1407.99,249.512447567929
2020-06-05,1425.0,249.7283714514466
2020-06-08,1406.1,249.75854570760004
2020-06-09,1416.55,249.82200533836613
2020-06-10,1423.66,251.0369307211856
2020-06-11,1400.46,251.13291541352075
2020-06-12,1416.37,251.58403006632585
2020-06-15,1383.0,251.961660356467
2020-06-16,1403.88,252.913030424544
2020-06-17,1405.0,253.81642461439444
2020-06-18,1413.0,253.10459695650755
2020-06-19,1439.84,253.18489402894102
2020-06-22,1439.0,253.13718782959998
2020-06-23,1474.5,253.44049816148797
2020-06-24,1460.01,253.23595919756238
2020-06-29,1463.17,253.66903543980828
2020-06-30,1462.88,254.6839447403707
2020-07-01,1494.27,254.6157667079653
2020-07-02,1544.0,255.43368393011477
2020-07-03,1541.79,255.53669987968462
2020-07-06,1600.0,256.55750592031774
2020-07-07,1688.0,257.14980375439046
2020-07-08,1681.34,256.6834159846983
2020-07-09,1706.0,257.0385055899081
2020-07-10,1713.85,256.9109927809485
2020-07-13,1781.99,257.39584009673433
2020-07-14,1762.0,257.2380739759891
2020-07-15,1752.53,257.622452209303
2020-07-16,1614.0,258.57701228389396
2020-07-17,1648.05,258.7341209541977
2020-07-20,1636.96,259.83435267910636
2020-07-21,1668.0,260.0670157008906
2020-07-22,1678.08,261.43596375956673
2020-07-23,1676.0,262.5909306043268
2020-07-24,1595.3,261.8835772558123
2020-07-27,1622.55,262.12592444441634
2020-07-28,1670.0,262.06605128262964
2020-07-29,1672.0,262.8322705027109
2020-07-30,1680.0,262.54654036369425
2020-07-31,1678.18,262.8898231585574
2020-08-03,1668.0,262.8826287684958
2020-08-04,1669.99,263.2612020684192
2020-08-05,1668.0,263.9078403265587
2020-08-06,1637.96,264.4007656424898
2020-08-07,1631.0,265.38731650741755
2020-08-10,1633.99,265.96877482919155
2020-08-11,1642.51,264.71572268632366
2020-08-12,1626.95,265.14662781947294
2020-08-13,1635.0,265.321214136173
2020-08-14,1661.0,265.6502718315836
2020-08-17,1690.0,265.5756031633771
2020-08-18,1705.0,265.98956762951747
2020-08-19,1687.0,266.7752645536661
2020-08-20,1664.0,266.93837614411734
2020-08-21,1676.0,267.61139940515113
2020-08-24,1696.35,267.71317466560794
2020-08-25,1727.0,268.6657969940558
2020-08-26,1727.0,269.33750233278244
2020-08-27,1731.0,268.64444509335385
2020-08-28,1757.0,268.7753710275785
2020-08-31,1786.5,268.7741427152506
2020-09-01,1801.98,269.3141072126623
2020-09-02,1795.0,269.3818497719305
2020-09-03,1793.0,269.86696173668327
2020-09-04,1770.0,270.5681781214163
2020-09-07,1723.5,270.5469415927598
2020-09-08,1711.4,271.29573785324857
2020-09-09,1688.0,271.7026304342141
2020-09-10,1705.8,272.8647492172335
2020-09-11,1733.0,273.5046175616827
2020-09-14,1766.0,272.81868486368455
2020-09-15,1760.0,273.2749265500237
2020-09-16,1725.1,273.38059389509715
2020-09-17,1670.52,273.77796601703
2020-09-18,1695.0,273.5198960381017
2020-09-21,1666.8,273.95140146894397
2020-09-22,1665.69,274.5711670398083
2020-09-23,1649.98,274.39445887042876
2020-09-24,1629.32,275.02693687216015
2020-09-25,1635.11,275.1234827733014
2020-09-28,1661.0,276.2784029271919
2020-09-29,1652.3,277.1328939406112
2020-09-30,1668.5,276.6010377828775
2020-10-12,1750.61,276.8362643669963
2020-10-13,1739.0,276.6424477803698
2020-10-14,1729.0,276.5795029829059
2020-10-15,1725.0,276.61180193964896
2020-10-16,1712.0,276.8015675011963
2020-10-19,1699.0,277.57839342684923
2020-10-20,1734.0,277.54716749371755
2020-10-21,1733.33,278.1717439064359
2020-10-22,1742.5,278.48972891114505
2020-10-23,1715.33,279.73882743438213
2020-10-26,1643.0,280.28187607352345
2020-10-27,1625.0,279.57849602382396
2020-10-28,1664.81,280.4127253527505
2020-10-29,1676.0,280.28638463414563
2020-10-30,1670.02,280.5303975085488
2020-11-02,1674.01,280.3785122802562
2020-11-03,1695.0,280.6679169652896
2020-11-04,1699.58,281.4090967139362
2020-11-05,1721.9,281.76544168526027
2020-11-06,1700.62,282.5052770922444
2020-11-09,1742.57,282.82414668732287
2020-11-10,1745.0,283.75913341753727
2020-11-11,1731.35,283.8544279061872
2020-11-12,1734.79,282.99037215605046
2020-11-13,1705.0,283.6476460005918
2020-11-16,1730.05,283.5763040357445
2020-11-17,1715.8,283.85995105265255
2020-11-18,1693.65,283.7506143015597
2020-11-19,1720.19,284.2455272785455
2020-11-20,1719.96,285.1164120328782
2020-11-23,1790.21,285.41110321760993
2020-11-24,1763.5,286.06819839887277
2020-11-25,1726.88,286.6392723176669
2020-11-26,1734.39,287.65514656161156
2020-11-27,1737.9,288.1352473695284
2020-11-30,1713.91,287.4331831698514
2020-12-01,1737.0,287.56019012751074
2020-12-02,1738.01,287.6875126194169
2020-12-03,1749.0,287.86651865907794
2020-12-04,1793.11,287.59970811746774
2020-12-07,1812.4,288.25967421620936
2020-12-08,1850.0,289.08978501746
2020-12-09,1840.0,289.8189669134665
2020-12-10,1832.9,290.3021679567399
2020-12-11,1820.0,290.3618911983226
2020-12-14,1829.0,291.4652118079703
2020-12-15,1816.01,292.0635252580257
2020-12-16,1840.0,291.1267975971233
2020-12-17,1865.51,291.6973257847431
2020-12-18,1845.0,291.6655112315152
2020-12-21,1842.5,291.99317563712924
2020-12-22,1881.0,292.17823759354906
2020-12-23,1841.65,292.7962828117836
2020-12-24,1830.34,293.8256109320254
2020-12-25,1830.0,293.9667989977548
2020-12-28,1873.0,294.5927340392695
2020-12-29,1867.0,294.86616056015214
2020-12-30,1933.0,296.0024621458332
2020-12-31,1998.0,296.5656743833367
2021-01-04,1997.0,296.0588227646375
2021-01-05,2059.45,296.6254164065532
2021-01-06,2100.0,296.48445074311974
2021-01-07,2140.0,296.8055572733521
2021-01-08,2090.0,297.0367943624561
2021-01-11,2099.73,297.13680548032033
2021-01-12,2160.9,297.93064207955865
2021-01-13,2164.0,298.2255271635194
2021-01-14,2134.0,299.2154865183501
2021-01-15,2082.0,299.42779554613554
2021-01-18,2063.0,300.9334737026157
2021-01-19,2009.41,301.91619845047063
2021-01-20,2040.63,301.08496145313234
2021-01-21,2070.0,301.96512064531976
2021-01-22,2079.95,302.1695204913824
2021-01-25,2175.0,302.72651195787904
2021-01-26,2141.89,302.4655175175685
2021-01-27,2089.0,302.9014697000256
2021-01-28,2088.0,304.08761427590844
2021-01-29,2116.18,304.32822664160085
2021-02-01,2109.32,304.9013516855855
2021-02-02,2145.0,304.8466181001991
2021-02-03,2189.91,305.94743872328115
2021-02-04,2320.85,306.26860885990664
2021-02-05,2313.0,305.8821900491803
2021-02-08,2368.8,306.5455193639347
2021-02-09,2456.43,306.6171001862356
2021-02-10,2601.0,307.6610165507514
2021-02-19,2460.0,307.49383325604555
2021-02-22,2288.02,307.42057761485336
2021-02-23,2307.0,308.1452537211963
2021-02-24,2189.0,308.58710412524783
2021-02-25,2150.0,309.10244293332914
2021-02-26,2122.78,309.538087842119
2021-03-01,2158.0,310.96352624729707
2021-03-02,2058.0,312.4069798494029
2021-03-03,2140.0,311.4823048215825
2021-03-04,2033.0,312.4447322637552
2021-03-05,2060.11,312.75833731888446
2021-03-08,1960.0,314.02260283572593
2021-03-09,1936.99,312.9544775632925
2021-03-10,1970.01,312.2953619457321
2021-03-11,2048.0,313.39884091999096
2021-03-12,2026.0,313.0200423429086
2021-03-15,1975.45,313.4457974325814
2021-03-16,2010.5,313.4802671176935
2021-03-17,2030.36,314.98507827596234
2021-03-18,2069.7,315.03697685375596
2021-03-19,2010.0,314.9026787737238
2021-03-22,1989.99,314.65098210228297
2021-03-23,1996.0,314.8411093145432
2021-03-24,1989.0,314.67492721126024
2021-03-25,1971.0,314.2594060016869
2021-03-26,2013.0,314.716124767712
2021-03-29,2034.1,316.27455164552435
2021-03-30,2056.05,316.2969234174613
2021-03-31,2009.0,316.6417026942185
2021-04-01,2044.5,317.08758926749545
2021-04-02,2162.0,318.53527516635415
2021-04-06,2126.03,319.5767765925287
2021-04-07,2061.0,318.4293150434816
2021-04-08,2070.0,318.66712144373366
2021-04-09,2020.0,318.77511698798423
2021-04-12,2008.89,319.09135856322763
2021-04-13,2021.0,318.6787166372789
2021-04-14,2047.0,319.2764571569136
2021-04-15,2015.6,320.49312356292916
2021-04-16,2054.98,320.7337694961528
2021-04-19,2088.0,321.0832971458054
2021-04-20,2094.8,321.67872078123287
2021-04-21,2080.0,323.7840984360549
2021-04-22,2055.5,324.16626210463204
2021-04-23,2108.94,322.9456721145262
2021-04-26,2077.82,323.5354964594279
2021-04-27,2094.44,323.19030580710955
2021-04-28,2042.0,323.57019290444896
2021-04-29,2026.36,323.2955046450542
2021-04-30,2006.78,323.7817093779904
2021-05-06,1959.0,324.5888680529228
2021-05-07,1903.0,324.95884808832574
2021-05-10,1879.03,325.693736158906
2021-05-11,1959.0,326.0381634236027
2021-05-12,1984.0,327.46448048838073
2021-05-13,1971.5,327.9471819368089
2021-05-14,2009.85,327.5023739741073
2021-05-17,2057.96,327.79732192573863
2021-05-18,2059.31,327.99036854095664
2021-05-19,2049.0,328.0415315828305
2021-05-20,2058.88,327.63803358544806
2021-05-21,2042.1,327.8595361652569
2021-05-24,2071.29,328.51769996589394
2021-05-25,2194.5,328.32969671895023
2021-05-26,2220.0,328.93415975575783
2021-05-27,2245.0,329.9223700842283
2021-05-28,2230.0,331.5397336957643
2021-05-31,2218.0,332.0257566954335
2021-06-01,2240.95,331.54110259432997
2021-06-02,2222.0,332.35460609111544
2021-06-03,2222.22,332.3584210991346
2021-06-04,2251.5,332.6614301434544
2021-06-07,2271.0,332.47596465192277
2021-06-08,2191.0,332.7099825927429
2021-06-09,2199.5,333.81306258463223
2021-06-10,2238.48,334.8298066753138
2021-06-11,2178.81,335.65109849946776
2021-06-15,2193.0,336.16794148385634
2021-06-16,2158.0,337.53155926599186
2021-06-17,2156.91,337.997925205271
2021-06-18,2090.94,337.4285083469646
2021-06-21,2081.64,337.6913495579142
2021-06-22,2074.97,337.70727864212796
2021-06-23,2038.0,338.26655275870763
2021-06-24,2068.05,338.0522370955585
2021-06-25,2092.0,337.87186480909475
2021-06-28,2103.01,339.00376953105877
2021-06-29,2062.0,339.5431023822122
2021-06-30,2056.7,339.69990393953844
2021-07-01,2105.0,340.25318923746323
2021-07-02,2013.0,341.51547564788007
2021-07-05,1994.0,341.9606261255757
2021-07-06,2012.9,340.75276139215526
2021-07-07,2004.0,341.1879084557418
2021-07-08,1985.0,341.1496991057605
2021-07-09,1972.11,341.2454527551196
2021-07-12,1961.0,341.1798395187018
2021-07-13,1982.9,341.5828581104654
2021-07-14,1962.0,342.74438856194035
2021-07-15,1997.99,342.70353627172153
2021-07-16,1955.9,343.2989523094362
2021-07-19,1975.0,344.0630047486575
2021-07-20,1980.0,344.81273972853916
2021-07-21,1969.0,345.2685472516924
2021-07-22,1940.01,344.6228650342065
2021-07-23,1900.0,344.9715944157087
2021-07-26,1804.11,344.7805739582051
2021-07-27,1712.89,344.88752513902966
2021-07-28,1768.9,344.403680481111
2021-07-29,1749.79,344.9483544959618
2021-07-30,1678.99,345.8093260776624
2021-08-02,1755.0,346.2216141767254
2021-08-03,1749.3,346.6015400254669
2021-08-04,1724.0,347.2645804194196
2021-08-05,1699.0,348.5800848166746
2021-08-06,1671.0,349.0216633307949
2021-08-09,1693.8,347.98240381552404
2021-08-10,1799.0,348.1583728104852
2021-08-11,1750.5,347.53796582459256
2021-08-12,1690.0,346.99984208390913
2021-08-13,1700.04,347.1454606649774
2021-08-16,1699.2,347.2867827865653
2021-08-17,1635.0,347.68426433088194
2021-08-18,1620.0,348.5536103691893
2021-08-19,1619.97,348.999848956159
2021-08-20,1548.0,349.3172710968199
2021-08-23,1570.19,350.2757682338929
2021-08-24,1625.18,350.62556335653716
2021-08-25,1665.02,350.15709066012323
2021-08-26,1595.0,351.58601650570336
2021-08-27,1596.03,350.9020912211878
2021-08-30,1586.0,350.6039769445722
2021-08-31,1558.0,350.4941336562281
2021-09-01,1622.01,350.70179216804644
2021-09-02,1618.8,351.18209803433876
2021-09-03,1658.22,351.4206813090622
2021-09-06,1670.67,352.01895267399726
2021-09-07,1669.0,351.83953708753313
2021-09-08,1633.1,353.36449283536166
2021-09-09,1634.08,354.3660012886132
2021-09-10,1662.58,353.9848383116604
2021-09-13,1654.0,353.8966628736734
2021-09-14,1657.0,353.72602755268974
2021-09-15,1615.74,353.8032507039569
2021-09-16,1638.07,353.26855755410133
2021-09-17,1686.0,354.2232457059739
2021-09-22,1637.69,355.15640231835846
2021-09-23,1635.0,355.81575917765565
2021-09-24,1694.0,356.4541554852564
2021-09-27,1855.0,356.97123352118
2021-09-28,1822.06,358.248471754007
2021-09-29,1820.0,358.8004814219048
2021-09-30,1830.0,358.3580574778859
2021-10-11,1867.12,358.74262686144937
2021-10-12,1870.99,358.6675602042082
2021-10-13,1929.9,358.42739635971617
2021-10-14,1911.0,358.53511027761897
2021-10-15,1916.97,359.31989643643277
2021-10-18,1800.0,359.74242207327245
2021-10-19,1812.18,359.94337264699044
2021-10-20,1841.0,361.08508507201566
2021-10-21,1844.0,363.02037643188356
2021-10-22,1901.0,364.0270816954303
2021-10-25,1873.03,364.7216954877853
2021-10-26,1861.05,364.07303951329135
2021-10-27,1819.0,364.82509052577393
2021-10-28,1825.49,364.61637359714376
2021-10-29,1826.08,365.2408250953417
2021-11-01,1803.0,364.8901173619068
2021-11-02,1804.64,365.3255366039365
2021-11-03,1765.0,365.1311991895916
2021-11-04,1804.2,365.60344857179285
2021-11-05,1819.94,366.5586124390926
2021-11-08,1820.1,367.23053234951095
2021-11-09,1790.01,369.0042342071575
2021-11-10,1753.99,369.3150488404818
2021-11-11,1769.6,368.46703629367136
2021-11-12,1773.78,368.61409544264393
2021-11-15,1761.14,368.5201202797885
2021-11-16,1808.0,368.6749846619696
2021-11-17,1795.0,368.343426573501
2021-11-18,1792.0,368.766926635471
2021-11-19,1828.41,369.09190985829383
2021-11-22,1854.27,369.96643617992424
2021-11-23,1896.43,370.81389238423895
2021-11-24,1941.0,371.5148666902886
2021-11-25,1956.03,372.6596263748041
2021-11-26,1941.01,372.93106931668797
2021-11-29,1985.0,372.35901978335187
2021-11-30,1930.77,372.91555332206343
2021-12-01,1932.99,372.5474292401768
2021-12-02,1934.0,373.16630271769696
2021-12-03,1971.88,372.80611037308364
2021-12-06,1967.3,373.2810994250883
2021-12-07,1955.87,374.25854941930027
2021-12-08,2043.0,374.9658761418704
2021-12-09,2086.55,376.1724892149002
2021-12-10,2090.0,377.2590646578776
2021-12-13,2118.2,378.712220654608
2021-12-14,2150.0,379.17080234155827
2021-12-15,2135.0,378.9155545486236
2021-12-16,2118.99,378.8734139139863
2021-12-17,2050.7,378.6996678081249
2021-12-20,2058.96,378.8335298271557
2021-12-21,2038.2,378.9205049664602
2021-12-22,2048.0,379.28218590378697
2021-12-23,2120.0,379.90337623128704
2021-12-24,2194.09,381.2894723768279
2021-12-27,2131.82,382.4983047780535
2021-12-28,2138.18,383.1134752048511
2021-12-29,2041.0,384.707481822317
2021-12-30,2075.0,385.33451265757265
2021-12-31,2050.0,384.63284494367684
2022-01-04,2051.23,384.85772911704106
2022-01-05,2024.0,384.13010227962315
2022-01-06,1982.22,384.395987014651
2022-01-07,1942.0,383.9364952118764
2022-01-10,1966.0,384.3880534540802
2022-01-11,1940.55,385.7181364972042
2022-01-12,1967.0,386.88988826763614
2022-01-13,1877.39,387.23194585660156
2022-01-14,1867.0,387.824727034709
2022-01-17,1861.61,388.39492628402087
2022-01-18,1892.27,389.24637646435843
2022-01-19,1912.0,388.43187957538873
2022-01-20,1969.52,388.85902726495215
2022-01-21,1984.99,388.48381257223514
2022-01-24,1950.2,388.39846401418663
2022-01-25,1943.0,387.7471206772737
2022-01-26,1955.0,388.3997447582441
2022-01-27,1965.0,388.96855980664697
2022-01-28,1887.0,389.93195861723194
2022-02-08,1839.0,389.71212400030146
2022-02-09,1895.98,390.2436866423311
2022-02-10,1873.0,391.58825198460335
2022-02-11,1849.97,392.43550045822127
2022-02-14,1868.67,391.884037006884
2022-02-15,1890.62,392.8192688935587
2022-02-16,1892.55,392.714579263113
2022-02-17,1886.99,392.6107417453514
2022-02-18,1907.0,392.25267575081557
2022-02-21,1876.99,392.8767441419588
2022-02-22,1807.87,393.6579777902079
2022-02-23,1827.01,393.5630898470413
2022-02-24,1764.11,393.78765378938607
2022-02-25,1799.06,394.9005974975304
2022-02-28,1790.4,396.0404154286331
2022-03-01,1858.48,396.45303575025065
2022-03-02,1844.88,396.0958573424463
2022-03-03,1800.0,396.7227003329747
2022-03-04,1780.5,396.3926523709073
2022-03-07,1707.0,396.4687588593218
2022-03-08,1753.2,396.21247449151394
2022-03-09,1779.18,396.52432600770913
2022-03-10,1794.43,396.6777615270568
2022-03-11,1769.01,397.55252991461896
2022-03-14,1700.0,397.45482411670685
2022-03-15,1603.0,398.43775679913205
2022-03-16,1674.95,399.40689404059583
2022-03-17,1720.15,400.85422438590894
2022-03-18,1707.79,400.16008803325985
2022-03-21,1704.3,400.17576658212806
2022-03-22,1695.0,399.72067410606707
2022-03-23,1752.19,399.11333584378303
2022-03-24,1720.93,399.43959650928326
2022-03-25,1690.0,400.08924392131667
2022-03-28,1660.8,400.856902573489
2022-03-29,1667.0,401.22302331935026
2022-03-30,1730.1,401.02744282454273
2022-03-31,1719.0,400.93617791968956
2022-04-01,1780.01,402.9548512313931
2022-04-06,1765.0,404.25926587060803
2022-04-07,1765.0,403.4252785920259
2022-04-08,1784.0,403.81603635107126
2022-04-11,1720.0,403.47241373045676
2022-04-12,1782.0,403.99833486415463
2022-04-13,1769.0,403.58951010237826
2022-04-14,1809.0,403.73275783579703
2022-04-15,1805.99,404.2060461295884
2022-04-18,1790.82,404.9184220095151
2022-04-19,1790.3,405.96327590543655
2022-04-20,1797.0,406.52962094313745
2022-04-21,1779.98,408.53952860554574
2022-04-22,1773.0,409.1198296272632
2022-04-25,1708.0,408.41974642019255
2022-04-26,1732.48,408.9022100711801
2022-04-27,1794.92,407.99529817105764
2022-04-28,1835.0,408.9084689637384
2022-04-29,1828.38,408.591816087204
2022-05-05,1837.0,409.44052121057786
2022-05-06,1793.0,410.09219752837754
2022-05-09,1752.0,410.5156629813885
2022-05-10,1766.19,410.92569520890584
2022-05-11,1768.0,411.7028524623411
2022-05-12,1762.67,412.98479071578834
2022-05-13,1778.24,413.66118473172673
2022-05-16,1758.0,412.319346545156
2022-05-17,1768.0,412.9928526893737
2022-05-18,1761.0,413.2757575866441
2022-05-19,1756.0,413.88228130310455
2022-05-20,1800.01,413.52849750165933
2022-05-23,1781.0,414.21830310334434
2022-05-24,1760.0,414.39823129844876
2022-05-25,1755.51,414.5835391511368
2022-05-26,1742.8,415.2247516338095
2022-05-27,1755.16,415.90470903130347
2022-05-30,1778.41,417.31356189650563
2022-05-31,1804.03,418.277664439599
2022-06-01,1788.25,417.3338183055339
2022-06-02,1786.0,417.89338022446526
2022-06-06,1788.0,417.51049628155016
2022-06-07,1817.9,417.73697814364533
2022-06-08,1865.6,417.97276776194985
2022-06-09,1853.0,418.3916060697592
2022-06-10,1900.6,418.75955844571115
2022-06-13,1856.0,419.40774958189803
2022-06-14,1871.0,419.7016444461815
2022-06-15,1875.1,420.56159098841306
2022-06-16,1877.0,422.2521790387272
2022-06-17,1951.0,423.2994493834009
2022-06-20,1942.02,422.4633625838174
2022-06-21,1945.74,422.92340718107346
2022-06-22,1936.0,422.63617643393815
2022-06-23,1957.1,423.19678354064376
2022-06-24,2009.01,423.49248298947305
2022-06-27,2010.55,423.962012168942
2022-06-28,2036.0,425.031107944203
2022-06-29,2030.0,425.22551185786557
2022-06-30,2045.0,425.87555094967945
2022-07-01,2029.05,426.6613171306418
2022-07-04,2018.0,428.1316377195202
2022-07-05,2033.01,429.6639224817302
2022-07-06,2002.0,428.75570037106996
2022-07-07,1990.0,429.23874556783665
2022-07-08,1999.0,428.80558354443826
2022-07-11,1963.6,429.3409061949672
2022-07-12,1948.41,429.59874278018356
2022-07-13,1958.89,430.0724273798903
2022-07-14,1953.0,430.98959947730174
2022-07-15,1949.5,431.4651811353893
2022-07-18,1951.66,432.1307405832993
2022-07-19,1943.1,432.7131066620753
2022-07-20,1950.1,434.0892825427426
2022-07-21,1939.0,435.1642290458589
2022-07-22,1947.0,433.98475345793696
2022-07-25,1944.65,434.40133197962035
2022-07-26,1950.21,434.1535366475054
2022-07-27,1919.6,434.1597851568905
2022-07-28,1898.0,433.8449428872739
2022-07-29,1898.44,434.4017855406366
2022-08-01,1890.3,435.03401354874967
2022-08-02,1879.98,435.5241429972741
2022-08-03,1885.0,436.0755319973935
2022-08-04,1916.01,436.71395928929536
2022-08-05,1923.96,438.33649087992455
2022-08-08,1911.53,439.1782124480584
2022-08-09,1910.0,438.33261175915436
2022-08-10,1876.0,438.8070207790969
2022-08-11,1906.9,438.4720161960877
2022-08-12,1928.0,438.5277991796134
2022-08-15,1919.89,438.2260201703882
2022-08-16,1917.84,438.7246108884779
2022-08-17,1918.0,439.32202427806055
2022-08-18,1895.5,439.755576281363
2022-08-19,1895.01,440.3176328844528
2022-08-22,1893.98,441.3402385167362
2022-08-23,1870.01,442.92123104264255
2022-08-24,1854.2,443.672655484826
2022-08-25,1885.0,442.73138507846244
2022-08-26,1898.0,442.9456328926546
2022-08-29,1878.82,442.9786004099875
2022-08-30,1870.0,443.41101491637875
2022-08-31,1924.0,443.1552126113276
2022-09-01,1880.89,443.7609456034433
2022-09-02,1875.0,444.34850520648337
2022-09-05,1835.0,444.63550718476745
2022-09-06,1845.0,445.1124979227056
2022-09-07,1818.01,445.8735451408457
2022-09-08,1815.0,447.0844758884783
2022-09-09,1844.79,447.8305445781042
2022-09-13,1879.0,447.32215306545413
2022-09-14,1869.0,447.98511497007564
2022-09-15,1880.0,447.48355484441265
2022-09-16,1859.0,447.70436758373324
2022-09-19,1871.64,448.05735648677336
2022-09-20,1878.0,448.1456814852489
2022-09-21,1848.0,448.78161592437147
2022-09-22,1820.81,448.79239178318215
2022-09-23,1834.43,449.4132000216276
2022-09-26,1863.0,449.900356933532
2022-09-27,1888.0,451.426432955361
2022-09-28,1883.0,452.7035613950755
2022-09-29,1880.35,452.19124753535704
2022-09-30,1872.5,452.5536998057884
2022-10-11,1779.99,452.3523587093973
2022-10-12,1760.0,452.2024650659648
2022-10-13,1699.99,452.20347470428686
2022-10-14,1737.61,452.59112788384436
2022-10-17,1718.5,453.03730461684125
2022-10-18,1705.83,453.1482140046852
2022-10-19,1648.0,453.8540715361789
2022-10-20,1643.5,454.7407157985239
2022-10-21,1624.0,456.4982033620692
2022-10-24,1501.28,457.33925418850373
2022-10-25,1479.75,456.1716029742142
2022-10-26,1464.08,456.503077380402
2022-10-27,1401.0,455.1544868287058
2022-10-28,1360.0,455.0108851513757
2022-10-31,1350.0,454.1229080212204
2022-11-01,1462.01,455.0081422055062
2022-11-02,1471.96,455.7421032032293
2022-11-03,1439.5,456.0296938292209
2022-11-04,1516.57,455.8481533397702
2022-11-07,1507.11,456.76634506613857
2022-11-08,1484.88,458.0243478015232
2022-11-09,1459.9,457.3160146414953
2022-11-10,1475.0,456.15055791236693
2022-11-11,1528.15,456.4346141731628
2022-11-14,1533.0,455.2820397675661
2022-11-15,1588.0,454.92609437951216
2022-11-16,1585.25,454.7619584403744
2022-11-17,1567.0,456.873206356474
2022-11-18,1567.13,457.55760732830043
2022-11-21,1519.98,457.5055805603239
2022-11-22,1539.95,458.95481628816316
2022-11-23,1549.0,459.62344044954403
2022-11-24,1519.99,460.84692689117645
2022-11-25,1522.01,461.1693686985418
2022-11-28,1509.88,460.5307126880761
2022-11-29,1599.0,461.6438194401651
2022-11-30,1599.0,461.4149446576699
2022-12-01,1630.8,462.27795049931524
2022-12-02,1633.88,462.13464926786554
2022-12-05,1664.9,462.6260592813853
2022-12-06,1688.0,463.33490321782233
2022-12-07,1684.0,463.1104915872699
2022-12-08,1687.02,464.0201621322341
2022-12-09,1730.0,464.88094223762334
2022-12-12,1739.02,466.0690789107938
2022-12-13,1750.0,466.8236692503336
2022-12-14,1770.87,465.84697435621854
2022-12-15,1786.99,467.59505397997634
2022-12-16,1786.87,467.10157451255674
2022-12-19,1773.0,467.74696511463077
2022-12-20,1715.0,467.56110037430864
2022-12-21,1739.0,468.50828930776305
2022-12-22,1768.0,469.4838978124933
2022-12-23,1771.0,469.77064328580497
2022-12-26,1742.06,470.5011804855059
2022-12-27,1733.0,471.71004757692396
2022-12-28,1733.0,473.2328942673662
2022-12-29,1719.0,474.07962600770475
2022-12-30,1727.0,473.4252510032038
